subject,label,anomaly_score,model,window_start_sec
S10,0,0.0045216265,autoencoder,0.0
S10,0,0.002297328,autoencoder,10.0
S10,0,0.0016908139,autoencoder,20.0
S10,0,0.001773503,autoencoder,30.0
S10,0,0.0031003256,autoencoder,40.0
S10,0,0.0030932333,autoencoder,50.0
S10,0,0.008247323,autoencoder,60.0
S10,0,0.008401369,autoencoder,70.0
S10,0,0.007719318,autoencoder,80.0
S10,0,0.008294086,autoencoder,90.0
S10,0,0.01041307,autoencoder,100.0
S10,0,0.011448369,autoencoder,110.0
S10,0,0.011008049,autoencoder,120.0
S10,0,0.010775435,autoencoder,130.0
S10,0,0.0108342655,autoencoder,140.0
S10,0,0.00836184,autoencoder,150.0
S10,0,0.007169273,autoencoder,160.0
S10,0,0.008970403,autoencoder,170.0
S10,0,0.0055811666,autoencoder,180.0
S10,0,0.0062739905,autoencoder,190.0
S10,0,0.006418189,autoencoder,200.0
S10,0,0.0044225003,autoencoder,210.0
S10,0,0.0047383034,autoencoder,220.0
S10,0,0.005416936,autoencoder,230.0
S10,0,0.0061565177,autoencoder,240.0
S10,0,0.004692363,autoencoder,250.0
S10,0,0.0065403352,autoencoder,260.0
S10,0,0.006962566,autoencoder,270.0
S10,0,0.0056523266,autoencoder,280.0
S10,0,0.006340178,autoencoder,290.0
S10,0,0.0067567504,autoencoder,300.0
S10,0,0.0064188293,autoencoder,310.0
S10,0,0.0096818535,autoencoder,320.0
S10,0,0.009927363,autoencoder,330.0
S10,0,0.012475878,autoencoder,340.0
S10,0,0.0117555475,autoencoder,350.0
S10,0,0.00957303,autoencoder,360.0
S10,0,0.01134928,autoencoder,370.0
S10,0,0.011140574,autoencoder,380.0
S10,0,0.007309757,autoencoder,390.0
S10,0,0.0056150495,autoencoder,400.0
S10,0,0.0064569567,autoencoder,410.0
S10,0,0.008994713,autoencoder,420.0
S10,0,0.013175282,autoencoder,430.0
S10,0,0.013122094,autoencoder,440.0
S10,0,0.0102649955,autoencoder,450.0
S10,0,0.009602934,autoencoder,460.0
S10,0,0.0072674486,autoencoder,470.0
S10,0,0.006961239,autoencoder,480.0
S10,0,0.0053469352,autoencoder,490.0
S10,0,0.0054590353,autoencoder,500.0
S10,0,0.004617374,autoencoder,510.0
S10,0,0.005302575,autoencoder,520.0
S10,0,0.0055336226,autoencoder,530.0
S10,0,0.005842631,autoencoder,540.0
S10,0,0.0063505787,autoencoder,550.0
S10,0,0.005095026,autoencoder,560.0
S10,0,0.005419051,autoencoder,570.0
S10,0,0.005393894,autoencoder,580.0
S10,0,0.0060006888,autoencoder,590.0
S10,0,0.004262751,autoencoder,600.0
S10,0,0.0036132138,autoencoder,610.0
S10,0,0.0030062385,autoencoder,620.0
S10,0,0.0037028778,autoencoder,630.0
S10,0,0.0041819094,autoencoder,640.0
S10,0,0.0060825744,autoencoder,650.0
S10,0,0.0065439567,autoencoder,660.0
S10,0,0.004956476,autoencoder,670.0
S10,0,0.004298474,autoencoder,680.0
S10,0,0.008326787,autoencoder,690.0
S10,0,0.0061925966,autoencoder,700.0
S10,0,0.0032608334,autoencoder,710.0
S10,0,0.00392394,autoencoder,720.0
S10,0,0.004399557,autoencoder,730.0
S10,0,0.004166316,autoencoder,740.0
S10,0,0.005575986,autoencoder,750.0
S10,0,0.0034233313,autoencoder,760.0
S10,0,0.003806886,autoencoder,770.0
S10,0,0.004302516,autoencoder,780.0
S10,0,0.007975099,autoencoder,790.0
S10,0,0.004264715,autoencoder,800.0
S10,0,0.0040792297,autoencoder,810.0
S10,0,0.0041996157,autoencoder,820.0
S10,0,0.0029518474,autoencoder,830.0
S10,0,0.0028546045,autoencoder,840.0
S10,0,0.0050078626,autoencoder,850.0
S10,0,0.0047077364,autoencoder,860.0
S10,0,0.0048378375,autoencoder,870.0
S10,0,0.005214783,autoencoder,880.0
S10,0,0.0059065805,autoencoder,890.0
S10,0,0.009006716,autoencoder,900.0
S10,0,0.005799409,autoencoder,910.0
S10,0,0.006107153,autoencoder,920.0
S10,0,0.0066612638,autoencoder,930.0
S10,0,0.0068299253,autoencoder,940.0
S10,0,0.0071606375,autoencoder,950.0
S10,0,0.012304592,autoencoder,960.0
S10,0,0.013239925,autoencoder,970.0
S10,0,0.013755997,autoencoder,980.0
S10,0,0.009277272,autoencoder,990.0
S10,0,0.008579597,autoencoder,1000.0
S10,0,0.006068571,autoencoder,1010.0
S10,0,0.005670326,autoencoder,1020.0
S10,0,0.00398081,autoencoder,1030.0
S10,0,0.004575785,autoencoder,1040.0
S10,0,0.0039414316,autoencoder,1050.0
S10,0,0.005667196,autoencoder,1060.0
S10,0,0.006208893,autoencoder,1070.0
S10,0,0.0053539625,autoencoder,1080.0
S10,0,0.0059529827,autoencoder,1090.0
S10,0,0.005411031,autoencoder,1100.0
S10,0,0.006594538,autoencoder,1110.0
S10,0,0.009354414,autoencoder,1120.0
S10,1,0.011620924,autoencoder,0.0
S10,1,0.013094369,autoencoder,10.0
S10,1,0.0134159895,autoencoder,20.0
S10,1,0.016034143,autoencoder,30.0
S10,1,0.011466697,autoencoder,40.0
S10,1,0.016730452,autoencoder,50.0
S10,1,0.017991278,autoencoder,60.0
S10,1,0.013022925,autoencoder,70.0
S10,1,0.02534757,autoencoder,80.0
S10,1,0.028909693,autoencoder,90.0
S10,1,0.031407107,autoencoder,100.0
S10,1,0.033042748,autoencoder,110.0
S10,1,0.029818734,autoencoder,120.0
S10,1,0.021421986,autoencoder,130.0
S10,1,0.02034883,autoencoder,140.0
S10,1,0.015652422,autoencoder,150.0
S10,1,0.010399544,autoencoder,160.0
S10,1,0.009221462,autoencoder,170.0
S10,1,0.013816617,autoencoder,180.0
S10,1,0.013663468,autoencoder,190.0
S10,1,0.0148336245,autoencoder,200.0
S10,1,0.011844148,autoencoder,210.0
S10,1,0.015092891,autoencoder,220.0
S10,1,0.010185999,autoencoder,230.0
S10,1,0.010034482,autoencoder,240.0
S10,1,0.011289299,autoencoder,250.0
S10,1,0.0118930265,autoencoder,260.0
S10,1,0.0116179325,autoencoder,270.0
S10,1,0.009274964,autoencoder,280.0
S10,1,0.009078672,autoencoder,290.0
S10,1,0.009553942,autoencoder,300.0
S10,1,0.011219068,autoencoder,310.0
S10,1,0.010688797,autoencoder,320.0
S10,1,0.012001357,autoencoder,330.0
S10,1,0.013780621,autoencoder,340.0
S10,1,0.013394383,autoencoder,350.0
S10,1,0.013427828,autoencoder,360.0
S10,1,0.0145459175,autoencoder,370.0
S10,1,0.010593176,autoencoder,380.0
S10,1,0.011542343,autoencoder,390.0
S10,1,0.011798159,autoencoder,400.0
S10,1,0.0103258835,autoencoder,410.0
S10,1,0.010605144,autoencoder,420.0
S10,1,0.021725496,autoencoder,430.0
S10,1,0.013163357,autoencoder,440.0
S10,1,0.013641328,autoencoder,450.0
S10,1,0.013303141,autoencoder,460.0
S10,1,0.014516648,autoencoder,470.0
S10,1,0.011269652,autoencoder,480.0
S10,1,0.014282186,autoencoder,490.0
S10,1,0.011667281,autoencoder,500.0
S10,1,0.009921677,autoencoder,510.0
S10,1,0.011192948,autoencoder,520.0
S10,1,0.007853256,autoencoder,530.0
S10,1,0.0083480105,autoencoder,540.0
S10,1,0.009571736,autoencoder,550.0
S10,1,0.008592392,autoencoder,560.0
S10,1,0.006640333,autoencoder,570.0
S10,1,0.0074414224,autoencoder,580.0
S10,1,0.008501948,autoencoder,590.0
S10,1,0.008544673,autoencoder,600.0
S10,1,0.006297587,autoencoder,610.0
S10,1,0.0061630416,autoencoder,620.0
S10,1,0.0054073506,autoencoder,630.0
S10,1,0.0040590777,autoencoder,640.0
S10,1,0.006783452,autoencoder,650.0
S10,1,0.0039141797,autoencoder,660.0
S11,0,0.008190454,autoencoder,0.0
S11,0,0.011101768,autoencoder,10.0
S11,0,0.01171003,autoencoder,20.0
S11,0,0.013071577,autoencoder,30.0
S11,0,0.010909364,autoencoder,40.0
S11,0,0.012018029,autoencoder,50.0
S11,0,0.011297636,autoencoder,60.0
S11,0,0.005815784,autoencoder,70.0
S11,0,0.0063335295,autoencoder,80.0
S11,0,0.0061353333,autoencoder,90.0
S11,0,0.006198291,autoencoder,100.0
S11,0,0.005511156,autoencoder,110.0
S11,0,0.005229142,autoencoder,120.0
S11,0,0.00487179,autoencoder,130.0
S11,0,0.0045801513,autoencoder,140.0
S11,0,0.0050518936,autoencoder,150.0
S11,0,0.0054927724,autoencoder,160.0
S11,0,0.0054075797,autoencoder,170.0
S11,0,0.0057002655,autoencoder,180.0
S11,0,0.00784669,autoencoder,190.0
S11,0,0.0093453275,autoencoder,200.0
S11,0,0.009161872,autoencoder,210.0
S11,0,0.009038965,autoencoder,220.0
S11,0,0.008272231,autoencoder,230.0
S11,0,0.009107065,autoencoder,240.0
S11,0,0.008413865,autoencoder,250.0
S11,0,0.008423485,autoencoder,260.0
S11,0,0.008500357,autoencoder,270.0
S11,0,0.0074287187,autoencoder,280.0
S11,0,0.0074100085,autoencoder,290.0
S11,0,0.006771687,autoencoder,300.0
S11,0,0.004775082,autoencoder,310.0
S11,0,0.00485284,autoencoder,320.0
S11,0,0.0040811687,autoencoder,330.0
S11,0,0.0036662265,autoencoder,340.0
S11,0,0.0034782123,autoencoder,350.0
S11,0,0.0054414887,autoencoder,360.0
S11,0,0.0048509906,autoencoder,370.0
S11,0,0.0048879883,autoencoder,380.0
S11,0,0.0060338317,autoencoder,390.0
S11,0,0.0061902367,autoencoder,400.0
S11,0,0.0059101153,autoencoder,410.0
S11,0,0.004870209,autoencoder,420.0
S11,0,0.0060180225,autoencoder,430.0
S11,0,0.0069835912,autoencoder,440.0
S11,0,0.008317991,autoencoder,450.0
S11,0,0.00756027,autoencoder,460.0
S11,0,0.005806034,autoencoder,470.0
S11,0,0.006211348,autoencoder,480.0
S11,0,0.006000196,autoencoder,490.0
S11,0,0.0042646187,autoencoder,500.0
S11,0,0.004156007,autoencoder,510.0
S11,0,0.0056501185,autoencoder,520.0
S11,0,0.0053524324,autoencoder,530.0
S11,0,0.0036889035,autoencoder,540.0
S11,0,0.0036865175,autoencoder,550.0
S11,0,0.00570878,autoencoder,560.0
S11,0,0.0068291216,autoencoder,570.0
S11,0,0.0059060813,autoencoder,580.0
S11,0,0.005608897,autoencoder,590.0
S11,0,0.0051655755,autoencoder,600.0
S11,0,0.004461869,autoencoder,610.0
S11,0,0.004440975,autoencoder,620.0
S11,0,0.0053624995,autoencoder,630.0
S11,0,0.0035915605,autoencoder,640.0
S11,0,0.0044705314,autoencoder,650.0
S11,0,0.005011522,autoencoder,660.0
S11,0,0.0041444097,autoencoder,670.0
S11,0,0.004779942,autoencoder,680.0
S11,0,0.004423423,autoencoder,690.0
S11,0,0.004906501,autoencoder,700.0
S11,0,0.005398939,autoencoder,710.0
S11,0,0.004826727,autoencoder,720.0
S11,0,0.0062425234,autoencoder,730.0
S11,0,0.006622248,autoencoder,740.0
S11,0,0.0062718894,autoencoder,750.0
S11,0,0.005410181,autoencoder,760.0
S11,0,0.0044867196,autoencoder,770.0
S11,0,0.0041083274,autoencoder,780.0
S11,0,0.003620809,autoencoder,790.0
S11,0,0.0032565854,autoencoder,800.0
S11,0,0.0037536046,autoencoder,810.0
S11,0,0.004557662,autoencoder,820.0
S11,0,0.0051044836,autoencoder,830.0
S11,0,0.0053786505,autoencoder,840.0
S11,0,0.0052068937,autoencoder,850.0
S11,0,0.0070835804,autoencoder,860.0
S11,0,0.007042716,autoencoder,870.0
S11,0,0.0052924263,autoencoder,880.0
S11,0,0.006132495,autoencoder,890.0
S11,0,0.006315963,autoencoder,900.0
S11,0,0.006560454,autoencoder,910.0
S11,0,0.006072027,autoencoder,920.0
S11,0,0.0061078235,autoencoder,930.0
S11,0,0.0058460087,autoencoder,940.0
S11,0,0.0046878285,autoencoder,950.0
S11,0,0.0060418583,autoencoder,960.0
S11,0,0.004658545,autoencoder,970.0
S11,0,0.004091899,autoencoder,980.0
S11,0,0.004191687,autoencoder,990.0
S11,0,0.0044718864,autoencoder,1000.0
S11,0,0.004994171,autoencoder,1010.0
S11,0,0.0037569783,autoencoder,1020.0
S11,0,0.0030677486,autoencoder,1030.0
S11,0,0.00430048,autoencoder,1040.0
S11,0,0.0028004579,autoencoder,1050.0
S11,0,0.002970414,autoencoder,1060.0
S11,0,0.0036906889,autoencoder,1070.0
S11,0,0.004532049,autoencoder,1080.0
S11,0,0.004422503,autoencoder,1090.0
S11,0,0.005473716,autoencoder,1100.0
S11,0,0.004517004,autoencoder,1110.0
S11,0,0.004862759,autoencoder,1120.0
S11,1,0.1706711,autoencoder,0.0
S11,1,0.15022029,autoencoder,10.0
S11,1,0.14226611,autoencoder,20.0
S11,1,0.14781769,autoencoder,30.0
S11,1,0.15099612,autoencoder,40.0
S11,1,0.14533304,autoencoder,50.0
S11,1,0.1395516,autoencoder,60.0
S11,1,0.17448242,autoencoder,70.0
S11,1,0.16551983,autoencoder,80.0
S11,1,0.17447846,autoencoder,90.0
S11,1,0.19618921,autoencoder,100.0
S11,1,0.20502089,autoencoder,110.0
S11,1,0.21681125,autoencoder,120.0
S11,1,0.1982043,autoencoder,130.0
S11,1,0.16132675,autoencoder,140.0
S11,1,0.17167543,autoencoder,150.0
S11,1,0.17798811,autoencoder,160.0
S11,1,0.18501113,autoencoder,170.0
S11,1,0.14814456,autoencoder,180.0
S11,1,0.13146499,autoencoder,190.0
S11,1,0.16229494,autoencoder,200.0
S11,1,0.1479188,autoencoder,210.0
S11,1,0.10122345,autoencoder,220.0
S11,1,0.07438452,autoencoder,230.0
S11,1,0.07274311,autoencoder,240.0
S11,1,0.07803691,autoencoder,250.0
S11,1,0.07205902,autoencoder,260.0
S11,1,0.04932447,autoencoder,270.0
S11,1,0.0472485,autoencoder,280.0
S11,1,0.04613018,autoencoder,290.0
S11,1,0.03657977,autoencoder,300.0
S11,1,0.02281279,autoencoder,310.0
S11,1,0.020726183,autoencoder,320.0
S11,1,0.02293246,autoencoder,330.0
S11,1,0.022031002,autoencoder,340.0
S11,1,0.018983034,autoencoder,350.0
S11,1,0.018541666,autoencoder,360.0
S11,1,0.020451779,autoencoder,370.0
S11,1,0.018136611,autoencoder,380.0
S11,1,0.02004026,autoencoder,390.0
S11,1,0.018380823,autoencoder,400.0
S11,1,0.02157394,autoencoder,410.0
S11,1,0.020275215,autoencoder,420.0
S11,1,0.021792164,autoencoder,430.0
S11,1,0.02343493,autoencoder,440.0
S11,1,0.021182545,autoencoder,450.0
S11,1,0.02260159,autoencoder,460.0
S11,1,0.0224259,autoencoder,470.0
S11,1,0.02264356,autoencoder,480.0
S11,1,0.026271686,autoencoder,490.0
S11,1,0.025530756,autoencoder,500.0
S11,1,0.023455357,autoencoder,510.0
S11,1,0.024299964,autoencoder,520.0
S11,1,0.022301374,autoencoder,530.0
S11,1,0.021451922,autoencoder,540.0
S11,1,0.02184322,autoencoder,550.0
S11,1,0.020076914,autoencoder,560.0
S11,1,0.02363567,autoencoder,570.0
S11,1,0.023819054,autoencoder,580.0
S11,1,0.024050288,autoencoder,590.0
S11,1,0.026873276,autoencoder,600.0
S11,1,0.029000906,autoencoder,610.0
S11,1,0.031539176,autoencoder,620.0
S13,0,0.061590876,autoencoder,0.0
S13,0,0.063461654,autoencoder,10.0
S13,0,0.04848927,autoencoder,20.0
S13,0,0.050553977,autoencoder,30.0
S13,0,0.046672758,autoencoder,40.0
S13,0,0.045912135,autoencoder,50.0
S13,0,0.043112244,autoencoder,60.0
S13,0,0.039501745,autoencoder,70.0
S13,0,0.04008038,autoencoder,80.0
S13,0,0.04147614,autoencoder,90.0
S13,0,0.044384006,autoencoder,100.0
S13,0,0.030228069,autoencoder,110.0
S13,0,0.033803076,autoencoder,120.0
S13,0,0.03317786,autoencoder,130.0
S13,0,0.031578567,autoencoder,140.0
S13,0,0.03089557,autoencoder,150.0
S13,0,0.028124744,autoencoder,160.0
S13,0,0.026242098,autoencoder,170.0
S13,0,0.028753256,autoencoder,180.0
S13,0,0.027834542,autoencoder,190.0
S13,0,0.026153922,autoencoder,200.0
S13,0,0.02287277,autoencoder,210.0
S13,0,0.022506947,autoencoder,220.0
S13,0,0.024825057,autoencoder,230.0
S13,0,0.027590254,autoencoder,240.0
S13,0,0.027186802,autoencoder,250.0
S13,0,0.027148614,autoencoder,260.0
S13,0,0.02577511,autoencoder,270.0
S13,0,0.026586773,autoencoder,280.0
S13,0,0.0245365,autoencoder,290.0
S13,0,0.024258716,autoencoder,300.0
S13,0,0.02800293,autoencoder,310.0
S13,0,0.02826378,autoencoder,320.0
S13,0,0.025515469,autoencoder,330.0
S13,0,0.02936468,autoencoder,340.0
S13,0,0.02733398,autoencoder,350.0
S13,0,0.024913378,autoencoder,360.0
S13,0,0.012814686,autoencoder,370.0
S13,0,0.018805863,autoencoder,380.0
S13,0,0.017148295,autoencoder,390.0
S13,0,0.016961068,autoencoder,400.0
S13,0,0.014515102,autoencoder,410.0
S13,0,0.017308498,autoencoder,420.0
S13,0,0.015360565,autoencoder,430.0
S13,0,0.017163621,autoencoder,440.0
S13,0,0.017891904,autoencoder,450.0
S13,0,0.010801309,autoencoder,460.0
S13,0,0.011502606,autoencoder,470.0
S13,0,0.008181035,autoencoder,480.0
S13,0,0.0069221705,autoencoder,490.0
S13,0,0.0068611945,autoencoder,500.0
S13,0,0.009453483,autoencoder,510.0
S13,0,0.0062574255,autoencoder,520.0
S13,0,0.009783197,autoencoder,530.0
S13,0,0.013585918,autoencoder,540.0
S13,0,0.013430599,autoencoder,550.0
S13,0,0.015914919,autoencoder,560.0
S13,0,0.014956724,autoencoder,570.0
S13,0,0.015496734,autoencoder,580.0
S13,0,0.013610408,autoencoder,590.0
S13,0,0.02194426,autoencoder,600.0
S13,0,0.027270019,autoencoder,610.0
S13,0,0.019715227,autoencoder,620.0
S13,0,0.017808393,autoencoder,630.0
S13,0,0.015017667,autoencoder,640.0
S13,0,0.012240924,autoencoder,650.0
S13,0,0.014984163,autoencoder,660.0
S13,0,0.014830804,autoencoder,670.0
S13,0,0.020683592,autoencoder,680.0
S13,0,0.01678287,autoencoder,690.0
S13,0,0.014028785,autoencoder,700.0
S13,0,0.016296381,autoencoder,710.0
S13,0,0.0133291,autoencoder,720.0
S13,0,0.012761793,autoencoder,730.0
S13,0,0.013745335,autoencoder,740.0
S13,0,0.012033436,autoencoder,750.0
S13,0,0.008920081,autoencoder,760.0
S13,0,0.010200317,autoencoder,770.0
S13,0,0.009448369,autoencoder,780.0
S13,0,0.008668163,autoencoder,790.0
S13,0,0.008015794,autoencoder,800.0
S13,0,0.0096422145,autoencoder,810.0
S13,0,0.009875282,autoencoder,820.0
S13,0,0.009788779,autoencoder,830.0
S13,0,0.011708754,autoencoder,840.0
S13,0,0.017144518,autoencoder,850.0
S13,0,0.015918614,autoencoder,860.0
S13,0,0.013657228,autoencoder,870.0
S13,0,0.011550023,autoencoder,880.0
S13,0,0.011955679,autoencoder,890.0
S13,0,0.009232168,autoencoder,900.0
S13,0,0.011321691,autoencoder,910.0
S13,0,0.011118616,autoencoder,920.0
S13,0,0.013218229,autoencoder,930.0
S13,0,0.012367138,autoencoder,940.0
S13,0,0.014436348,autoencoder,950.0
S13,0,0.010618348,autoencoder,960.0
S13,0,0.0133194765,autoencoder,970.0
S13,0,0.013919053,autoencoder,980.0
S13,0,0.013015111,autoencoder,990.0
S13,0,0.010491998,autoencoder,1000.0
S13,0,0.013343486,autoencoder,1010.0
S13,0,0.0110124685,autoencoder,1020.0
S13,0,0.009446622,autoencoder,1030.0
S13,0,0.008022866,autoencoder,1040.0
S13,0,0.008366705,autoencoder,1050.0
S13,0,0.0067587984,autoencoder,1060.0
S13,0,0.0047932896,autoencoder,1070.0
S13,0,0.004853142,autoencoder,1080.0
S13,0,0.005085481,autoencoder,1090.0
S13,0,0.0046905335,autoencoder,1100.0
S13,0,0.005669098,autoencoder,1110.0
S13,0,0.0069648474,autoencoder,1120.0
S13,1,0.15022288,autoencoder,0.0
S13,1,0.16487668,autoencoder,10.0
S13,1,0.16611366,autoencoder,20.0
S13,1,0.1866954,autoencoder,30.0
S13,1,0.18728562,autoencoder,40.0
S13,1,0.21503113,autoencoder,50.0
S13,1,0.2138719,autoencoder,60.0
S13,1,0.23356885,autoencoder,70.0
S13,1,0.24052012,autoencoder,80.0
S13,1,0.23027842,autoencoder,90.0
S13,1,0.23710643,autoencoder,100.0
S13,1,0.24478103,autoencoder,110.0
S13,1,0.25112978,autoencoder,120.0
S13,1,0.24786305,autoencoder,130.0
S13,1,0.25872892,autoencoder,140.0
S13,1,0.2687979,autoencoder,150.0
S13,1,0.2565645,autoencoder,160.0
S13,1,0.26538196,autoencoder,170.0
S13,1,0.2855956,autoencoder,180.0
S13,1,0.27987924,autoencoder,190.0
S13,1,0.26830444,autoencoder,200.0
S13,1,0.2819704,autoencoder,210.0
S13,1,0.2757876,autoencoder,220.0
S13,1,0.2645998,autoencoder,230.0
S13,1,0.28669423,autoencoder,240.0
S13,1,0.29156896,autoencoder,250.0
S13,1,0.30810884,autoencoder,260.0
S13,1,0.31242666,autoencoder,270.0
S13,1,0.29428244,autoencoder,280.0
S13,1,0.32108742,autoencoder,290.0
S13,1,0.30980766,autoencoder,300.0
S13,1,0.29119954,autoencoder,310.0
S13,1,0.29583773,autoencoder,320.0
S13,1,0.30171824,autoencoder,330.0
S13,1,0.2976803,autoencoder,340.0
S13,1,0.29438853,autoencoder,350.0
S13,1,0.31169286,autoencoder,360.0
S13,1,0.3240057,autoencoder,370.0
S13,1,0.336908,autoencoder,380.0
S13,1,0.34901682,autoencoder,390.0
S13,1,0.34696695,autoencoder,400.0
S13,1,0.3430052,autoencoder,410.0
S13,1,0.34053326,autoencoder,420.0
S13,1,0.31845734,autoencoder,430.0
S13,1,0.3190345,autoencoder,440.0
S13,1,0.32533142,autoencoder,450.0
S13,1,0.2900655,autoencoder,460.0
S13,1,0.29629543,autoencoder,470.0
S13,1,0.31446794,autoencoder,480.0
S13,1,0.3079032,autoencoder,490.0
S13,1,0.29520926,autoencoder,500.0
S13,1,0.30476725,autoencoder,510.0
S13,1,0.29696822,autoencoder,520.0
S13,1,0.28956214,autoencoder,530.0
S13,1,0.26580608,autoencoder,540.0
S13,1,0.30248585,autoencoder,550.0
S13,1,0.31074294,autoencoder,560.0
S13,1,0.32365346,autoencoder,570.0
S13,1,0.29929298,autoencoder,580.0
S13,1,0.29858735,autoencoder,590.0
S13,1,0.32117507,autoencoder,600.0
S14,0,0.0051223407,autoencoder,0.0
S14,0,0.004368207,autoencoder,10.0
S14,0,0.0060733072,autoencoder,20.0
S14,0,0.004923924,autoencoder,30.0
S14,0,0.004215834,autoencoder,40.0
S14,0,0.0056368527,autoencoder,50.0
S14,0,0.008653017,autoencoder,60.0
S14,0,0.0033035043,autoencoder,70.0
S14,0,0.0021493658,autoencoder,80.0
S14,0,0.0019969672,autoencoder,90.0
S14,0,0.0019644059,autoencoder,100.0
S14,0,0.010146649,autoencoder,110.0
S14,0,0.008104376,autoencoder,120.0
S14,0,0.0031961545,autoencoder,130.0
S14,0,0.0032844322,autoencoder,140.0
S14,0,0.0021897503,autoencoder,150.0
S14,0,0.0022273406,autoencoder,160.0
S14,0,0.0035259947,autoencoder,170.0
S14,0,0.0041849096,autoencoder,180.0
S14,0,0.0058824345,autoencoder,190.0
S14,0,0.003545721,autoencoder,200.0
S14,0,0.0042659543,autoencoder,210.0
S14,0,0.004182979,autoencoder,220.0
S14,0,0.0045129606,autoencoder,230.0
S14,0,0.0048661255,autoencoder,240.0
S14,0,0.0041606785,autoencoder,250.0
S14,0,0.0036363436,autoencoder,260.0
S14,0,0.0038792507,autoencoder,270.0
S14,0,0.003726838,autoencoder,280.0
S14,0,0.0075768046,autoencoder,290.0
S14,0,0.003273042,autoencoder,300.0
S14,0,0.0024806864,autoencoder,310.0
S14,0,0.0021154212,autoencoder,320.0
S14,0,0.0025976736,autoencoder,330.0
S14,0,0.0032129574,autoencoder,340.0
S14,0,0.010532341,autoencoder,350.0
S14,0,0.005799118,autoencoder,360.0
S14,0,0.006214297,autoencoder,370.0
S14,0,0.0065412014,autoencoder,380.0
S14,0,0.006363302,autoencoder,390.0
S14,0,0.009800855,autoencoder,400.0
S14,0,0.01595805,autoencoder,410.0
S14,0,0.00434157,autoencoder,420.0
S14,0,0.0042658877,autoencoder,430.0
S14,0,0.0044398806,autoencoder,440.0
S14,0,0.004777381,autoencoder,450.0
S14,0,0.0062687583,autoencoder,460.0
S14,0,0.009468984,autoencoder,470.0
S14,0,0.004177741,autoencoder,480.0
S14,0,0.004520022,autoencoder,490.0
S14,0,0.005061894,autoencoder,500.0
S14,0,0.004187972,autoencoder,510.0
S14,0,0.005270139,autoencoder,520.0
S14,0,0.0033184765,autoencoder,530.0
S14,0,0.003051718,autoencoder,540.0
S14,0,0.0023495457,autoencoder,550.0
S14,0,0.0014584992,autoencoder,560.0
S14,0,0.0027218594,autoencoder,570.0
S14,0,0.0037995593,autoencoder,580.0
S14,0,0.003704935,autoencoder,590.0
S14,0,0.004728282,autoencoder,600.0
S14,0,0.004196907,autoencoder,610.0
S14,0,0.0055007874,autoencoder,620.0
S14,0,0.0033956582,autoencoder,630.0
S14,0,0.00372783,autoencoder,640.0
S14,0,0.0032007461,autoencoder,650.0
S14,0,0.002969973,autoencoder,660.0
S14,0,0.0032876388,autoencoder,670.0
S14,0,0.0034830014,autoencoder,680.0
S14,0,0.0047188434,autoencoder,690.0
S14,0,0.0037570086,autoencoder,700.0
S14,0,0.004223105,autoencoder,710.0
S14,0,0.0060581747,autoencoder,720.0
S14,0,0.004546549,autoencoder,730.0
S14,0,0.004428581,autoencoder,740.0
S14,0,0.0037092257,autoencoder,750.0
S14,0,0.0055555147,autoencoder,760.0
S14,0,0.0049211574,autoencoder,770.0
S14,0,0.004270932,autoencoder,780.0
S14,0,0.004340621,autoencoder,790.0
S14,0,0.0035598008,autoencoder,800.0
S14,0,0.0038873975,autoencoder,810.0
S14,0,0.004301852,autoencoder,820.0
S14,0,0.0050546513,autoencoder,830.0
S14,0,0.02097395,autoencoder,840.0
S14,0,0.004941001,autoencoder,850.0
S14,0,0.002907927,autoencoder,860.0
S14,0,0.0029850604,autoencoder,870.0
S14,0,0.0037338904,autoencoder,880.0
S14,0,0.0051393886,autoencoder,890.0
S14,0,0.02175486,autoencoder,900.0
S14,0,0.0057251547,autoencoder,910.0
S14,0,0.0047349017,autoencoder,920.0
S14,0,0.005990807,autoencoder,930.0
S14,0,0.003570535,autoencoder,940.0
S14,0,0.004292716,autoencoder,950.0
S14,0,0.0041878037,autoencoder,960.0
S14,0,0.0043933135,autoencoder,970.0
S14,0,0.004224448,autoencoder,980.0
S14,0,0.00418725,autoencoder,990.0
S14,0,0.004587556,autoencoder,1000.0
S14,0,0.0039405287,autoencoder,1010.0
S14,0,0.005543746,autoencoder,1020.0
S14,0,0.005148629,autoencoder,1030.0
S14,0,0.005050454,autoencoder,1040.0
S14,0,0.005783645,autoencoder,1050.0
S14,0,0.005118969,autoencoder,1060.0
S14,0,0.0073305946,autoencoder,1070.0
S14,0,0.00361325,autoencoder,1080.0
S14,0,0.003155744,autoencoder,1090.0
S14,0,0.0022044524,autoencoder,1100.0
S14,0,0.0031427012,autoencoder,1110.0
S14,0,0.0026271848,autoencoder,1120.0
S14,1,0.059118707,autoencoder,0.0
S14,1,0.041659933,autoencoder,10.0
S14,1,0.04361656,autoencoder,20.0
S14,1,0.04272726,autoencoder,30.0
S14,1,0.036174905,autoencoder,40.0
S14,1,0.035506096,autoencoder,50.0
S14,1,0.029853186,autoencoder,60.0
S14,1,0.03858127,autoencoder,70.0
S14,1,0.03468232,autoencoder,80.0
S14,1,0.03197994,autoencoder,90.0
S14,1,0.027815131,autoencoder,100.0
S14,1,0.04059645,autoencoder,110.0
S14,1,0.049997944,autoencoder,120.0
S14,1,0.037073527,autoencoder,130.0
S14,1,0.03340717,autoencoder,140.0
S14,1,0.039660383,autoencoder,150.0
S14,1,0.036774844,autoencoder,160.0
S14,1,0.026565492,autoencoder,170.0
S14,1,0.02991034,autoencoder,180.0
S14,1,0.026592458,autoencoder,190.0
S14,1,0.028653363,autoencoder,200.0
S14,1,0.02260921,autoencoder,210.0
S14,1,0.022728942,autoencoder,220.0
S14,1,0.024542198,autoencoder,230.0
S14,1,0.026679331,autoencoder,240.0
S14,1,0.027474886,autoencoder,250.0
S14,1,0.030403756,autoencoder,260.0
S14,1,0.020250617,autoencoder,270.0
S14,1,0.020755053,autoencoder,280.0
S14,1,0.022032976,autoencoder,290.0
S14,1,0.027787007,autoencoder,300.0
S14,1,0.036941607,autoencoder,310.0
S14,1,0.042266954,autoencoder,320.0
S14,1,0.04331739,autoencoder,330.0
S14,1,0.042133052,autoencoder,340.0
S14,1,0.039667916,autoencoder,350.0
S14,1,0.028303584,autoencoder,360.0
S14,1,0.023253368,autoencoder,370.0
S14,1,0.021675518,autoencoder,380.0
S14,1,0.024113983,autoencoder,390.0
S14,1,0.015324119,autoencoder,400.0
S14,1,0.015173927,autoencoder,410.0
S14,1,0.0131947845,autoencoder,420.0
S14,1,0.014397998,autoencoder,430.0
S14,1,0.01426706,autoencoder,440.0
S14,1,0.036121275,autoencoder,450.0
S14,1,0.017531356,autoencoder,460.0
S14,1,0.017115384,autoencoder,470.0
S14,1,0.015713455,autoencoder,480.0
S14,1,0.018463342,autoencoder,490.0
S14,1,0.01416581,autoencoder,500.0
S14,1,0.029395342,autoencoder,510.0
S14,1,0.0075943004,autoencoder,520.0
S14,1,0.008421108,autoencoder,530.0
S14,1,0.0067290277,autoencoder,540.0
S14,1,0.009929917,autoencoder,550.0
S14,1,0.00795669,autoencoder,560.0
S14,1,0.0063863713,autoencoder,570.0
S14,1,0.00667217,autoencoder,580.0
S14,1,0.0056245285,autoencoder,590.0
S14,1,0.008579165,autoencoder,600.0
S14,1,0.012851541,autoencoder,610.0
S15,0,0.00779062,autoencoder,0.0
S15,0,0.0065514096,autoencoder,10.0
S15,0,0.006680127,autoencoder,20.0
S15,0,0.009039541,autoencoder,30.0
S15,0,0.0084516145,autoencoder,40.0
S15,0,0.011549611,autoencoder,50.0
S15,0,0.009958244,autoencoder,60.0
S15,0,0.016495802,autoencoder,70.0
S15,0,0.0182432,autoencoder,80.0
S15,0,0.020489387,autoencoder,90.0
S15,0,0.020914659,autoencoder,100.0
S15,0,0.020733494,autoencoder,110.0
S15,0,0.018474037,autoencoder,120.0
S15,0,0.014638989,autoencoder,130.0
S15,0,0.024239695,autoencoder,140.0
S15,0,0.02130579,autoencoder,150.0
S15,0,0.019096546,autoencoder,160.0
S15,0,0.007156821,autoencoder,170.0
S15,0,0.008624551,autoencoder,180.0
S15,0,0.010902208,autoencoder,190.0
S15,0,0.009404796,autoencoder,200.0
S15,0,0.007928287,autoencoder,210.0
S15,0,0.008134429,autoencoder,220.0
S15,0,0.008408473,autoencoder,230.0
S15,0,0.007586517,autoencoder,240.0
S15,0,0.0048920256,autoencoder,250.0
S15,0,0.0075530256,autoencoder,260.0
S15,0,0.012186331,autoencoder,270.0
S15,0,0.012975891,autoencoder,280.0
S15,0,0.009720873,autoencoder,290.0
S15,0,0.012685525,autoencoder,300.0
S15,0,0.012198735,autoencoder,310.0
S15,0,0.011695895,autoencoder,320.0
S15,0,0.015151642,autoencoder,330.0
S15,0,0.018905524,autoencoder,340.0
S15,0,0.0141618615,autoencoder,350.0
S15,0,0.004600408,autoencoder,360.0
S15,0,0.0059731663,autoencoder,370.0
S15,0,0.007717211,autoencoder,380.0
S15,0,0.008356695,autoencoder,390.0
S15,0,0.011816653,autoencoder,400.0
S15,0,0.005945796,autoencoder,410.0
S15,0,0.00539132,autoencoder,420.0
S15,0,0.0044111814,autoencoder,430.0
S15,0,0.004303208,autoencoder,440.0
S15,0,0.0049394914,autoencoder,450.0
S15,0,0.004449746,autoencoder,460.0
S15,0,0.0055669467,autoencoder,470.0
S15,0,0.00565666,autoencoder,480.0
S15,0,0.007158404,autoencoder,490.0
S15,0,0.007429602,autoencoder,500.0
S15,0,0.007864559,autoencoder,510.0
S15,0,0.009115122,autoencoder,520.0
S15,0,0.0098719625,autoencoder,530.0
S15,0,0.009306128,autoencoder,540.0
S15,0,0.00783898,autoencoder,550.0
S15,0,0.008108997,autoencoder,560.0
S15,0,0.00846479,autoencoder,570.0
S15,0,0.009776636,autoencoder,580.0
S15,0,0.010108415,autoencoder,590.0
S15,0,0.0039691934,autoencoder,600.0
S15,0,0.0043761707,autoencoder,610.0
S15,0,0.004276874,autoencoder,620.0
S15,0,0.0035214962,autoencoder,630.0
S15,0,0.0044188765,autoencoder,640.0
S15,0,0.006367558,autoencoder,650.0
S15,0,0.004982114,autoencoder,660.0
S15,0,0.004113523,autoencoder,670.0
S15,0,0.0034930527,autoencoder,680.0
S15,0,0.0054484108,autoencoder,690.0
S15,0,0.008953764,autoencoder,700.0
S15,0,0.011059642,autoencoder,710.0
S15,0,0.008482967,autoencoder,720.0
S15,0,0.007717783,autoencoder,730.0
S15,0,0.007468238,autoencoder,740.0
S15,0,0.0073825493,autoencoder,750.0
S15,0,0.0051221694,autoencoder,760.0
S15,0,0.0050181327,autoencoder,770.0
S15,0,0.004290787,autoencoder,780.0
S15,0,0.0041854423,autoencoder,790.0
S15,0,0.0040714885,autoencoder,800.0
S15,0,0.0062260455,autoencoder,810.0
S15,0,0.0064620753,autoencoder,820.0
S15,0,0.00854847,autoencoder,830.0
S15,0,0.0068260035,autoencoder,840.0
S15,0,0.0061146207,autoencoder,850.0
S15,0,0.005772824,autoencoder,860.0
S15,0,0.006310822,autoencoder,870.0
S15,0,0.0077049215,autoencoder,880.0
S15,0,0.008084695,autoencoder,890.0
S15,0,0.014391077,autoencoder,900.0
S15,0,0.018053802,autoencoder,910.0
S15,0,0.015308306,autoencoder,920.0
S15,0,0.01440657,autoencoder,930.0
S15,0,0.012187175,autoencoder,940.0
S15,0,0.012605853,autoencoder,950.0
S15,0,0.011855684,autoencoder,960.0
S15,0,0.0091744475,autoencoder,970.0
S15,0,0.0058564567,autoencoder,980.0
S15,0,0.013386873,autoencoder,990.0
S15,0,0.009407335,autoencoder,1000.0
S15,0,0.0068961247,autoencoder,1010.0
S15,0,0.0054889023,autoencoder,1020.0
S15,0,0.0063195745,autoencoder,1030.0
S15,0,0.009809554,autoencoder,1040.0
S15,0,0.005911457,autoencoder,1050.0
S15,0,0.005432446,autoencoder,1060.0
S15,0,0.0060890377,autoencoder,1070.0
S15,0,0.005457017,autoencoder,1080.0
S15,0,0.0039042684,autoencoder,1090.0
S15,0,0.0064912834,autoencoder,1100.0
S15,0,0.0064216466,autoencoder,1110.0
S15,1,0.06488708,autoencoder,0.0
S15,1,0.061043575,autoencoder,10.0
S15,1,0.06648634,autoencoder,20.0
S15,1,0.08008323,autoencoder,30.0
S15,1,0.08011113,autoencoder,40.0
S15,1,0.08059132,autoencoder,50.0
S15,1,0.050310418,autoencoder,60.0
S15,1,0.055508707,autoencoder,70.0
S15,1,0.0614953,autoencoder,80.0
S15,1,0.05470231,autoencoder,90.0
S15,1,0.051413476,autoencoder,100.0
S15,1,0.045275066,autoencoder,110.0
S15,1,0.047379036,autoencoder,120.0
S15,1,0.030766562,autoencoder,130.0
S15,1,0.02447412,autoencoder,140.0
S15,1,0.025059387,autoencoder,150.0
S15,1,0.029678248,autoencoder,160.0
S15,1,0.04640464,autoencoder,170.0
S15,1,0.044821676,autoencoder,180.0
S15,1,0.05906159,autoencoder,190.0
S15,1,0.092488326,autoencoder,200.0
S15,1,0.0875375,autoencoder,210.0
S15,1,0.08241315,autoencoder,220.0
S15,1,0.059591766,autoencoder,230.0
S15,1,0.06723011,autoencoder,240.0
S15,1,0.05408758,autoencoder,250.0
S15,1,0.045523807,autoencoder,260.0
S15,1,0.043503538,autoencoder,270.0
S15,1,0.044725794,autoencoder,280.0
S15,1,0.03825047,autoencoder,290.0
S15,1,0.027390473,autoencoder,300.0
S15,1,0.012145662,autoencoder,310.0
S15,1,0.011887513,autoencoder,320.0
S15,1,0.01285541,autoencoder,330.0
S15,1,0.008804948,autoencoder,340.0
S15,1,0.009525174,autoencoder,350.0
S15,1,0.007910587,autoencoder,360.0
S15,1,0.015701866,autoencoder,370.0
S15,1,0.014143464,autoencoder,380.0
S15,1,0.014293183,autoencoder,390.0
S15,1,0.0128658535,autoencoder,400.0
S15,1,0.012862776,autoencoder,410.0
S15,1,0.012717508,autoencoder,420.0
S15,1,0.011479062,autoencoder,430.0
S15,1,0.006987408,autoencoder,440.0
S15,1,0.007606073,autoencoder,450.0
S15,1,0.010675875,autoencoder,460.0
S15,1,0.009718242,autoencoder,470.0
S15,1,0.00937252,autoencoder,480.0
S15,1,0.011457276,autoencoder,490.0
S15,1,0.021193719,autoencoder,500.0
S15,1,0.02317454,autoencoder,510.0
S15,1,0.022769673,autoencoder,520.0
S15,1,0.020303456,autoencoder,530.0
S15,1,0.020778155,autoencoder,540.0
S15,1,0.021156227,autoencoder,550.0
S15,1,0.0172645,autoencoder,560.0
S15,1,0.01894436,autoencoder,570.0
S15,1,0.009974361,autoencoder,580.0
S15,1,0.0112768235,autoencoder,590.0
S15,1,0.0107619725,autoencoder,600.0
S15,1,0.010450737,autoencoder,610.0
S15,1,0.009335431,autoencoder,620.0
S16,0,0.008433684,autoencoder,0.0
S16,0,0.0071631535,autoencoder,10.0
S16,0,0.006344583,autoencoder,20.0
S16,0,0.0062496793,autoencoder,30.0
S16,0,0.0054039564,autoencoder,40.0
S16,0,0.005996916,autoencoder,50.0
S16,0,0.005039076,autoencoder,60.0
S16,0,0.0055806027,autoencoder,70.0
S16,0,0.006915413,autoencoder,80.0
S16,0,0.0043349075,autoencoder,90.0
S16,0,0.0039593894,autoencoder,100.0
S16,0,0.0037835743,autoencoder,110.0
S16,0,0.00476231,autoencoder,120.0
S16,0,0.00467072,autoencoder,130.0
S16,0,0.005784661,autoencoder,140.0
S16,0,0.008514504,autoencoder,150.0
S16,0,0.008213659,autoencoder,160.0
S16,0,0.007930466,autoencoder,170.0
S16,0,0.008471133,autoencoder,180.0
S16,0,0.007956955,autoencoder,190.0
S16,0,0.007643388,autoencoder,200.0
S16,0,0.0045602447,autoencoder,210.0
S16,0,0.004300471,autoencoder,220.0
S16,0,0.0038911023,autoencoder,230.0
S16,0,0.005503778,autoencoder,240.0
S16,0,0.00810312,autoencoder,250.0
S16,0,0.0068226415,autoencoder,260.0
S16,0,0.0062095462,autoencoder,270.0
S16,0,0.006567529,autoencoder,280.0
S16,0,0.007544177,autoencoder,290.0
S16,0,0.007157657,autoencoder,300.0
S16,0,0.005086077,autoencoder,310.0
S16,0,0.003939625,autoencoder,320.0
S16,0,0.0040220027,autoencoder,330.0
S16,0,0.0035204627,autoencoder,340.0
S16,0,0.0026051719,autoencoder,350.0
S16,0,0.0027139725,autoencoder,360.0
S16,0,0.0030144185,autoencoder,370.0
S16,0,0.003043375,autoencoder,380.0
S16,0,0.0046047866,autoencoder,390.0
S16,0,0.0067686997,autoencoder,400.0
S16,0,0.0062027075,autoencoder,410.0
S16,0,0.006586196,autoencoder,420.0
S16,0,0.0071613602,autoencoder,430.0
S16,0,0.0065891054,autoencoder,440.0
S16,0,0.0058699497,autoencoder,450.0
S16,0,0.0026821608,autoencoder,460.0
S16,0,0.0038585141,autoencoder,470.0
S16,0,0.0031006762,autoencoder,480.0
S16,0,0.0029676752,autoencoder,490.0
S16,0,0.003200871,autoencoder,500.0
S16,0,0.0025586223,autoencoder,510.0
S16,0,0.00251643,autoencoder,520.0
S16,0,0.0046264506,autoencoder,530.0
S16,0,0.0032009983,autoencoder,540.0
S16,0,0.00278293,autoencoder,550.0
S16,0,0.0023963598,autoencoder,560.0
S16,0,0.0028123632,autoencoder,570.0
S16,0,0.0026024443,autoencoder,580.0
S16,0,0.002216737,autoencoder,590.0
S16,0,0.0017521861,autoencoder,600.0
S16,0,0.0019248299,autoencoder,610.0
S16,0,0.004341128,autoencoder,620.0
S16,0,0.0026369796,autoencoder,630.0
S16,0,0.0029791316,autoencoder,640.0
S16,0,0.003448364,autoencoder,650.0
S16,0,0.0042616827,autoencoder,660.0
S16,0,0.00478076,autoencoder,670.0
S16,0,0.007418109,autoencoder,680.0
S16,0,0.0058796597,autoencoder,690.0
S16,0,0.0062263147,autoencoder,700.0
S16,0,0.0050174296,autoencoder,710.0
S16,0,0.0029144948,autoencoder,720.0
S16,0,0.0021205884,autoencoder,730.0
S16,0,0.0014254722,autoencoder,740.0
S16,0,0.0018598582,autoencoder,750.0
S16,0,0.002606105,autoencoder,760.0
S16,0,0.002597049,autoencoder,770.0
S16,0,0.0065150815,autoencoder,780.0
S16,0,0.005740246,autoencoder,790.0
S16,0,0.0036798913,autoencoder,800.0
S16,0,0.0041258945,autoencoder,810.0
S16,0,0.0026196928,autoencoder,820.0
S16,0,0.0027569768,autoencoder,830.0
S16,0,0.0045475466,autoencoder,840.0
S16,0,0.008562024,autoencoder,850.0
S16,0,0.0051589627,autoencoder,860.0
S16,0,0.0038676232,autoencoder,870.0
S16,0,0.0035846953,autoencoder,880.0
S16,0,0.005939103,autoencoder,890.0
S16,0,0.0045140292,autoencoder,900.0
S16,0,0.0065468666,autoencoder,910.0
S16,0,0.0057989624,autoencoder,920.0
S16,0,0.0043903724,autoencoder,930.0
S16,0,0.003902443,autoencoder,940.0
S16,0,0.0023925959,autoencoder,950.0
S16,0,0.0023399566,autoencoder,960.0
S16,0,0.00310947,autoencoder,970.0
S16,0,0.0030959689,autoencoder,980.0
S16,0,0.0021417663,autoencoder,990.0
S16,0,0.0024827921,autoencoder,1000.0
S16,0,0.0043217493,autoencoder,1010.0
S16,0,0.0046111965,autoencoder,1020.0
S16,0,0.004149135,autoencoder,1030.0
S16,0,0.0041563464,autoencoder,1040.0
S16,0,0.006233704,autoencoder,1050.0
S16,0,0.0069676605,autoencoder,1060.0
S16,0,0.007198633,autoencoder,1070.0
S16,0,0.009080534,autoencoder,1080.0
S16,0,0.0054233843,autoencoder,1090.0
S16,0,0.002836462,autoencoder,1100.0
S16,0,0.0024380167,autoencoder,1110.0
S16,0,0.0029161004,autoencoder,1120.0
S16,1,0.026671404,autoencoder,0.0
S16,1,0.025578389,autoencoder,10.0
S16,1,0.025485873,autoencoder,20.0
S16,1,0.026602501,autoencoder,30.0
S16,1,0.02411966,autoencoder,40.0
S16,1,0.020535894,autoencoder,50.0
S16,1,0.021340892,autoencoder,60.0
S16,1,0.017414486,autoencoder,70.0
S16,1,0.017121764,autoencoder,80.0
S16,1,0.014952655,autoencoder,90.0
S16,1,0.015651576,autoencoder,100.0
S16,1,0.013864055,autoencoder,110.0
S16,1,0.014198926,autoencoder,120.0
S16,1,0.014836404,autoencoder,130.0
S16,1,0.014863481,autoencoder,140.0
S16,1,0.015957085,autoencoder,150.0
S16,1,0.018741427,autoencoder,160.0
S16,1,0.017885447,autoencoder,170.0
S16,1,0.018498207,autoencoder,180.0
S16,1,0.01966948,autoencoder,190.0
S16,1,0.014557283,autoencoder,200.0
S16,1,0.012871365,autoencoder,210.0
S16,1,0.0125355,autoencoder,220.0
S16,1,0.011264804,autoencoder,230.0
S16,1,0.0110010095,autoencoder,240.0
S16,1,0.010084956,autoencoder,250.0
S16,1,0.012637648,autoencoder,260.0
S16,1,0.012002717,autoencoder,270.0
S16,1,0.008908826,autoencoder,280.0
S16,1,0.0075221877,autoencoder,290.0
S16,1,0.007891874,autoencoder,300.0
S16,1,0.010353605,autoencoder,310.0
S16,1,0.011717283,autoencoder,320.0
S16,1,0.016393034,autoencoder,330.0
S16,1,0.01880409,autoencoder,340.0
S16,1,0.022580124,autoencoder,350.0
S16,1,0.02742965,autoencoder,360.0
S16,1,0.027911387,autoencoder,370.0
S16,1,0.032037016,autoencoder,380.0
S16,1,0.029499171,autoencoder,390.0
S16,1,0.033132438,autoencoder,400.0
S16,1,0.03569417,autoencoder,410.0
S16,1,0.035372555,autoencoder,420.0
S16,1,0.03442512,autoencoder,430.0
S16,1,0.033123117,autoencoder,440.0
S16,1,0.03626579,autoencoder,450.0
S16,1,0.033630338,autoencoder,460.0
S16,1,0.03400472,autoencoder,470.0
S16,1,0.037591208,autoencoder,480.0
S16,1,0.035517994,autoencoder,490.0
S16,1,0.032093365,autoencoder,500.0
S16,1,0.029236771,autoencoder,510.0
S16,1,0.028990746,autoencoder,520.0
S16,1,0.027148874,autoencoder,530.0
S16,1,0.02465486,autoencoder,540.0
S16,1,0.019827878,autoencoder,550.0
S16,1,0.023689486,autoencoder,560.0
S16,1,0.020033943,autoencoder,570.0
S16,1,0.01816813,autoencoder,580.0
S16,1,0.016570974,autoencoder,590.0
S16,1,0.016518468,autoencoder,600.0
S16,1,0.016846422,autoencoder,610.0
S17,0,0.008813701,autoencoder,0.0
S17,0,0.0071475725,autoencoder,10.0
S17,0,0.004516762,autoencoder,20.0
S17,0,0.0038083326,autoencoder,30.0
S17,0,0.002750395,autoencoder,40.0
S17,0,0.0042090826,autoencoder,50.0
S17,0,0.0032344216,autoencoder,60.0
S17,0,0.0012378297,autoencoder,70.0
S17,0,0.004184989,autoencoder,80.0
S17,0,0.002239451,autoencoder,90.0
S17,0,0.002418429,autoencoder,100.0
S17,0,0.0026358108,autoencoder,110.0
S17,0,0.0036988668,autoencoder,120.0
S17,0,0.003528246,autoencoder,130.0
S17,0,0.0033409025,autoencoder,140.0
S17,0,0.0036806527,autoencoder,150.0
S17,0,0.004114537,autoencoder,160.0
S17,0,0.0028904139,autoencoder,170.0
S17,0,0.0025197826,autoencoder,180.0
S17,0,0.002208517,autoencoder,190.0
S17,0,0.0021553983,autoencoder,200.0
S17,0,0.0015605096,autoencoder,210.0
S17,0,0.0049083517,autoencoder,220.0
S17,0,0.0053179595,autoencoder,230.0
S17,0,0.009305156,autoencoder,240.0
S17,0,0.008490499,autoencoder,250.0
S17,0,0.008083975,autoencoder,260.0
S17,0,0.007695664,autoencoder,270.0
S17,0,0.0067453063,autoencoder,280.0
S17,0,0.005234083,autoencoder,290.0
S17,0,0.005496692,autoencoder,300.0
S17,0,0.0022289373,autoencoder,310.0
S17,0,0.0033821138,autoencoder,320.0
S17,0,0.00284139,autoencoder,330.0
S17,0,0.0030153731,autoencoder,340.0
S17,0,0.006014261,autoencoder,350.0
S17,0,0.0057745627,autoencoder,360.0
S17,0,0.006525526,autoencoder,370.0
S17,0,0.008235707,autoencoder,380.0
S17,0,0.007623995,autoencoder,390.0
S17,0,0.0061770226,autoencoder,400.0
S17,0,0.0040824525,autoencoder,410.0
S17,0,0.0037573297,autoencoder,420.0
S17,0,0.0044898326,autoencoder,430.0
S17,0,0.0010673482,autoencoder,440.0
S17,0,0.0028731197,autoencoder,450.0
S17,0,0.0045479364,autoencoder,460.0
S17,0,0.004653181,autoencoder,470.0
S17,0,0.0055334237,autoencoder,480.0
S17,0,0.004474457,autoencoder,490.0
S17,0,0.0054907855,autoencoder,500.0
S17,0,0.0038442865,autoencoder,510.0
S17,0,0.002253468,autoencoder,520.0
S17,0,0.002235963,autoencoder,530.0
S17,0,0.0027578268,autoencoder,540.0
S17,0,0.002910862,autoencoder,550.0
S17,0,0.0036839105,autoencoder,560.0
S17,0,0.006378789,autoencoder,570.0
S17,0,0.004903238,autoencoder,580.0
S17,0,0.00510258,autoencoder,590.0
S17,0,0.005959147,autoencoder,600.0
S17,0,0.004476545,autoencoder,610.0
S17,0,0.0033693195,autoencoder,620.0
S17,0,0.0020372386,autoencoder,630.0
S17,0,0.0017373151,autoencoder,640.0
S17,0,0.0019343751,autoencoder,650.0
S17,0,0.0019576857,autoencoder,660.0
S17,0,0.0038863092,autoencoder,670.0
S17,0,0.005635776,autoencoder,680.0
S17,0,0.008968287,autoencoder,690.0
S17,0,0.010854187,autoencoder,700.0
S17,0,0.011549526,autoencoder,710.0
S17,0,0.009733947,autoencoder,720.0
S17,0,0.0032051252,autoencoder,730.0
S17,0,0.005854987,autoencoder,740.0
S17,0,0.0099713635,autoencoder,750.0
S17,0,0.0074509974,autoencoder,760.0
S17,0,0.0061016995,autoencoder,770.0
S17,0,0.005410483,autoencoder,780.0
S17,0,0.006176291,autoencoder,790.0
S17,0,0.0066931807,autoencoder,800.0
S17,0,0.0036917862,autoencoder,810.0
S17,0,0.0043605645,autoencoder,820.0
S17,0,0.0064306012,autoencoder,830.0
S17,0,0.0050907503,autoencoder,840.0
S17,0,0.0051221433,autoencoder,850.0
S17,0,0.0051642773,autoencoder,860.0
S17,0,0.0034965419,autoencoder,870.0
S17,0,0.0030666823,autoencoder,880.0
S17,0,0.0041875965,autoencoder,890.0
S17,0,0.0031131932,autoencoder,900.0
S17,0,0.0042654583,autoencoder,910.0
S17,0,0.0037335113,autoencoder,920.0
S17,0,0.003820549,autoencoder,930.0
S17,0,0.0024421636,autoencoder,940.0
S17,0,0.0019244342,autoencoder,950.0
S17,0,0.0020214028,autoencoder,960.0
S17,0,0.002568526,autoencoder,970.0
S17,0,0.0022229678,autoencoder,980.0
S17,0,0.0028855281,autoencoder,990.0
S17,0,0.002369999,autoencoder,1000.0
S17,0,0.002773368,autoencoder,1010.0
S17,0,0.0047680973,autoencoder,1020.0
S17,0,0.005289556,autoencoder,1030.0
S17,0,0.0062325965,autoencoder,1040.0
S17,0,0.00347857,autoencoder,1050.0
S17,0,0.00769024,autoencoder,1060.0
S17,0,0.010661175,autoencoder,1070.0
S17,0,0.009799996,autoencoder,1080.0
S17,0,0.007826945,autoencoder,1090.0
S17,0,0.0070705335,autoencoder,1100.0
S17,0,0.006225577,autoencoder,1110.0
S17,0,0.0037669372,autoencoder,1120.0
S17,1,0.01662097,autoencoder,0.0
S17,1,0.016353803,autoencoder,10.0
S17,1,0.015610534,autoencoder,20.0
S17,1,0.016499208,autoencoder,30.0
S17,1,0.018571226,autoencoder,40.0
S17,1,0.022499606,autoencoder,50.0
S17,1,0.024049975,autoencoder,60.0
S17,1,0.023625351,autoencoder,70.0
S17,1,0.020268304,autoencoder,80.0
S17,1,0.020076377,autoencoder,90.0
S17,1,0.022868315,autoencoder,100.0
S17,1,0.012707056,autoencoder,110.0
S17,1,0.00977093,autoencoder,120.0
S17,1,0.01632317,autoencoder,130.0
S17,1,0.018488161,autoencoder,140.0
S17,1,0.02192047,autoencoder,150.0
S17,1,0.022308344,autoencoder,160.0
S17,1,0.03818349,autoencoder,170.0
S17,1,0.039460585,autoencoder,180.0
S17,1,0.030685777,autoencoder,190.0
S17,1,0.024250247,autoencoder,200.0
S17,1,0.018156392,autoencoder,210.0
S17,1,0.01723156,autoencoder,220.0
S17,1,0.011833169,autoencoder,230.0
S17,1,0.013776809,autoencoder,240.0
S17,1,0.015221261,autoencoder,250.0
S17,1,0.033708602,autoencoder,260.0
S17,1,0.03851059,autoencoder,270.0
S17,1,0.039769676,autoencoder,280.0
S17,1,0.032137156,autoencoder,290.0
S17,1,0.022622548,autoencoder,300.0
S17,1,0.020044928,autoencoder,310.0
S17,1,0.0090561425,autoencoder,320.0
S17,1,0.007831846,autoencoder,330.0
S17,1,0.014249172,autoencoder,340.0
S17,1,0.011214231,autoencoder,350.0
S17,1,0.012202828,autoencoder,360.0
S17,1,0.016139787,autoencoder,370.0
S17,1,0.017493278,autoencoder,380.0
S17,1,0.019934094,autoencoder,390.0
S17,1,0.022634605,autoencoder,400.0
S17,1,0.023523584,autoencoder,410.0
S17,1,0.023566524,autoencoder,420.0
S17,1,0.021823518,autoencoder,430.0
S17,1,0.020549668,autoencoder,440.0
S17,1,0.018228376,autoencoder,450.0
S17,1,0.015933216,autoencoder,460.0
S17,1,0.013077445,autoencoder,470.0
S17,1,0.011324834,autoencoder,480.0
S17,1,0.01216837,autoencoder,490.0
S17,1,0.01251547,autoencoder,500.0
S17,1,0.011685771,autoencoder,510.0
S17,1,0.013062716,autoencoder,520.0
S17,1,0.015467319,autoencoder,530.0
S17,1,0.017941993,autoencoder,540.0
S17,1,0.019137502,autoencoder,550.0
S17,1,0.019915186,autoencoder,560.0
S17,1,0.020319508,autoencoder,570.0
S17,1,0.02172418,autoencoder,580.0
S17,1,0.019750932,autoencoder,590.0
S17,1,0.018153781,autoencoder,600.0
S17,1,0.020104641,autoencoder,610.0
S17,1,0.019288423,autoencoder,620.0
S17,1,0.016948847,autoencoder,630.0
S17,1,0.017266607,autoencoder,640.0
S17,1,0.015584585,autoencoder,650.0
S17,1,0.012094855,autoencoder,660.0
S2,0,0.012149396,autoencoder,0.0
S2,0,0.012654924,autoencoder,10.0
S2,0,0.011928485,autoencoder,20.0
S2,0,0.011810481,autoencoder,30.0
S2,0,0.01229651,autoencoder,40.0
S2,0,0.010939337,autoencoder,50.0
S2,0,0.0090251295,autoencoder,60.0
S2,0,0.008008955,autoencoder,70.0
S2,0,0.011924535,autoencoder,80.0
S2,0,0.011495984,autoencoder,90.0
S2,0,0.006434861,autoencoder,100.0
S2,0,0.005418062,autoencoder,110.0
S2,0,0.0075615156,autoencoder,120.0
S2,0,0.0067890654,autoencoder,130.0
S2,0,0.007168587,autoencoder,140.0
S2,0,0.008233121,autoencoder,150.0
S2,0,0.006758409,autoencoder,160.0
S2,0,0.0061903778,autoencoder,170.0
S2,0,0.004129372,autoencoder,180.0
S2,0,0.0033468318,autoencoder,190.0
S2,0,0.0044042575,autoencoder,200.0
S2,0,0.016035607,autoencoder,210.0
S2,0,0.00737707,autoencoder,220.0
S2,0,0.0065721073,autoencoder,230.0
S2,0,0.0045557865,autoencoder,240.0
S2,0,0.005427972,autoencoder,250.0
S2,0,0.004196907,autoencoder,260.0
S2,0,0.004816152,autoencoder,270.0
S2,0,0.005824631,autoencoder,280.0
S2,0,0.005451534,autoencoder,290.0
S2,0,0.0066762813,autoencoder,300.0
S2,0,0.012089603,autoencoder,310.0
S2,0,0.008265808,autoencoder,320.0
S2,0,0.0053569805,autoencoder,330.0
S2,0,0.004938333,autoencoder,340.0
S2,0,0.004306277,autoencoder,350.0
S2,0,0.004360931,autoencoder,360.0
S2,0,0.004019897,autoencoder,370.0
S2,0,0.0042538233,autoencoder,380.0
S2,0,0.005079568,autoencoder,390.0
S2,0,0.004784689,autoencoder,400.0
S2,0,0.0036124026,autoencoder,410.0
S2,0,0.004147353,autoencoder,420.0
S2,0,0.0034633877,autoencoder,430.0
S2,0,0.0033831976,autoencoder,440.0
S2,0,0.0040225745,autoencoder,450.0
S2,0,0.0040503074,autoencoder,460.0
S2,0,0.0040892106,autoencoder,470.0
S2,0,0.0048596463,autoencoder,480.0
S2,0,0.0046472955,autoencoder,490.0
S2,0,0.0040058014,autoencoder,500.0
S2,0,0.0050258967,autoencoder,510.0
S2,0,0.0049359,autoencoder,520.0
S2,0,0.005278317,autoencoder,530.0
S2,0,0.003809159,autoencoder,540.0
S2,0,0.0035396945,autoencoder,550.0
S2,0,0.0034070036,autoencoder,560.0
S2,0,0.0039286534,autoencoder,570.0
S2,0,0.004473639,autoencoder,580.0
S2,0,0.0039198776,autoencoder,590.0
S2,0,0.003636566,autoencoder,600.0
S2,0,0.0035432826,autoencoder,610.0
S2,0,0.0032337764,autoencoder,620.0
S2,0,0.0031921982,autoencoder,630.0
S2,0,0.0032903282,autoencoder,640.0
S2,0,0.0035280443,autoencoder,650.0
S2,0,0.0035216657,autoencoder,660.0
S2,0,0.003772408,autoencoder,670.0
S2,0,0.0036647108,autoencoder,680.0
S2,0,0.0043044803,autoencoder,690.0
S2,0,0.0037744122,autoencoder,700.0
S2,0,0.0049481536,autoencoder,710.0
S2,0,0.004025197,autoencoder,720.0
S2,0,0.0037163708,autoencoder,730.0
S2,0,0.0043156026,autoencoder,740.0
S2,0,0.0046084537,autoencoder,750.0
S2,0,0.0047746976,autoencoder,760.0
S2,0,0.004689039,autoencoder,770.0
S2,0,0.0054795556,autoencoder,780.0
S2,0,0.004286858,autoencoder,790.0
S2,0,0.004338169,autoencoder,800.0
S2,0,0.0039052796,autoencoder,810.0
S2,0,0.0031115792,autoencoder,820.0
S2,0,0.0029332538,autoencoder,830.0
S2,0,0.004401387,autoencoder,840.0
S2,0,0.004307778,autoencoder,850.0
S2,0,0.0065094414,autoencoder,860.0
S2,0,0.005526572,autoencoder,870.0
S2,0,0.0037144125,autoencoder,880.0
S2,0,0.004046498,autoencoder,890.0
S2,0,0.003993777,autoencoder,900.0
S2,0,0.0041268305,autoencoder,910.0
S2,0,0.004123229,autoencoder,920.0
S2,0,0.004597621,autoencoder,930.0
S2,0,0.0052741417,autoencoder,940.0
S2,0,0.0039134435,autoencoder,950.0
S2,0,0.0043128026,autoencoder,960.0
S2,0,0.004009554,autoencoder,970.0
S2,0,0.0041893055,autoencoder,980.0
S2,0,0.0037363719,autoencoder,990.0
S2,0,0.003188975,autoencoder,1000.0
S2,0,0.004067284,autoencoder,1010.0
S2,0,0.0047376407,autoencoder,1020.0
S2,0,0.004291506,autoencoder,1030.0
S2,0,0.004456434,autoencoder,1040.0
S2,0,0.0045445296,autoencoder,1050.0
S2,0,0.010637873,autoencoder,1060.0
S2,0,0.008197361,autoencoder,1070.0
S2,0,0.008008218,autoencoder,1080.0
S2,1,0.005652527,autoencoder,0.0
S2,1,0.007472962,autoencoder,10.0
S2,1,0.0068490114,autoencoder,20.0
S2,1,0.0059113516,autoencoder,30.0
S2,1,0.006031534,autoencoder,40.0
S2,1,0.010071057,autoencoder,50.0
S2,1,0.006954568,autoencoder,60.0
S2,1,0.007429721,autoencoder,70.0
S2,1,0.0038598208,autoencoder,80.0
S2,1,0.0022385663,autoencoder,90.0
S2,1,0.0016471292,autoencoder,100.0
S2,1,0.0011492246,autoencoder,110.0
S2,1,0.001801386,autoencoder,120.0
S2,1,0.0031654444,autoencoder,130.0
S2,1,0.004812273,autoencoder,140.0
S2,1,0.0072542266,autoencoder,150.0
S2,1,0.007840171,autoencoder,160.0
S2,1,0.004812699,autoencoder,170.0
S2,1,0.005319651,autoencoder,180.0
S2,1,0.0057130023,autoencoder,190.0
S2,1,0.011454643,autoencoder,200.0
S2,1,0.0035278527,autoencoder,210.0
S2,1,0.0048753694,autoencoder,220.0
S2,1,0.0049232123,autoencoder,230.0
S2,1,0.0067192386,autoencoder,240.0
S2,1,0.006084723,autoencoder,250.0
S2,1,0.006760554,autoencoder,260.0
S2,1,0.010790653,autoencoder,270.0
S2,1,0.011946888,autoencoder,280.0
S2,1,0.0076835416,autoencoder,290.0
S2,1,0.0088669965,autoencoder,300.0
S2,1,0.008006033,autoencoder,310.0
S2,1,0.007591503,autoencoder,320.0
S2,1,0.0072297617,autoencoder,330.0
S2,1,0.008046365,autoencoder,340.0
S2,1,0.0065390454,autoencoder,350.0
S2,1,0.0069941506,autoencoder,360.0
S2,1,0.0089693805,autoencoder,370.0
S2,1,0.007849273,autoencoder,380.0
S2,1,0.008685832,autoencoder,390.0
S2,1,0.008978525,autoencoder,400.0
S2,1,0.008839366,autoencoder,410.0
S2,1,0.00938987,autoencoder,420.0
S2,1,0.0066032447,autoencoder,430.0
S2,1,0.005710893,autoencoder,440.0
S2,1,0.0059769372,autoencoder,450.0
S2,1,0.006936778,autoencoder,460.0
S2,1,0.006166436,autoencoder,470.0
S2,1,0.0062618307,autoencoder,480.0
S2,1,0.005789515,autoencoder,490.0
S2,1,0.0046048653,autoencoder,500.0
S2,1,0.004250421,autoencoder,510.0
S2,1,0.0044176993,autoencoder,520.0
S2,1,0.004896637,autoencoder,530.0
S2,1,0.006275337,autoencoder,540.0
S2,1,0.006963093,autoencoder,550.0
S3,0,0.019266145,autoencoder,0.0
S3,0,0.020666864,autoencoder,10.0
S3,0,0.015612061,autoencoder,20.0
S3,0,0.017833255,autoencoder,30.0
S3,0,0.016954526,autoencoder,40.0
S3,0,0.012708756,autoencoder,50.0
S3,0,0.0136296,autoencoder,60.0
S3,0,0.026789712,autoencoder,70.0
S3,0,0.04628338,autoencoder,80.0
S3,0,0.045763712,autoencoder,90.0
S3,0,0.058415327,autoencoder,100.0
S3,0,0.07972295,autoencoder,110.0
S3,0,0.055973683,autoencoder,120.0
S3,0,0.03286388,autoencoder,130.0
S3,0,0.022603674,autoencoder,140.0
S3,0,0.024569431,autoencoder,150.0
S3,0,0.02092292,autoencoder,160.0
S3,0,0.019402264,autoencoder,170.0
S3,0,0.03322359,autoencoder,180.0
S3,0,0.057523903,autoencoder,190.0
S3,0,0.08826747,autoencoder,200.0
S3,0,0.03530412,autoencoder,210.0
S3,0,0.008916908,autoencoder,220.0
S3,0,0.0069236476,autoencoder,230.0
S3,0,0.0040528285,autoencoder,240.0
S3,0,0.0063336473,autoencoder,250.0
S3,0,0.0065444615,autoencoder,260.0
S3,0,0.0052692727,autoencoder,270.0
S3,0,0.00381983,autoencoder,280.0
S3,0,0.004334768,autoencoder,290.0
S3,0,0.0021219861,autoencoder,300.0
S3,0,0.0012533781,autoencoder,310.0
S3,0,0.0027640723,autoencoder,320.0
S3,0,0.02041986,autoencoder,330.0
S3,0,0.08595601,autoencoder,340.0
S3,0,0.118023224,autoencoder,350.0
S3,0,0.05126157,autoencoder,360.0
S3,0,0.015871624,autoencoder,370.0
S3,0,0.0063604354,autoencoder,380.0
S3,0,0.007931096,autoencoder,390.0
S3,0,0.016462194,autoencoder,400.0
S3,0,0.015121224,autoencoder,410.0
S3,0,0.014116042,autoencoder,420.0
S3,0,0.0139074875,autoencoder,430.0
S3,0,0.0152018415,autoencoder,440.0
S3,0,0.0185105,autoencoder,450.0
S3,0,0.015264238,autoencoder,460.0
S3,0,0.009767915,autoencoder,470.0
S3,0,0.012241494,autoencoder,480.0
S3,0,0.0151683055,autoencoder,490.0
S3,0,0.019356648,autoencoder,500.0
S3,0,0.02115926,autoencoder,510.0
S3,0,0.016357025,autoencoder,520.0
S3,0,0.014849032,autoencoder,530.0
S3,0,0.0074505955,autoencoder,540.0
S3,0,0.003891145,autoencoder,550.0
S3,0,0.0038927346,autoencoder,560.0
S3,0,0.005306952,autoencoder,570.0
S3,0,0.010018294,autoencoder,580.0
S3,0,0.023044908,autoencoder,590.0
S3,0,0.03353261,autoencoder,600.0
S3,0,0.016843636,autoencoder,610.0
S3,0,0.011930651,autoencoder,620.0
S3,0,0.011309624,autoencoder,630.0
S3,0,0.009322009,autoencoder,640.0
S3,0,0.015421323,autoencoder,650.0
S3,0,0.013904133,autoencoder,660.0
S3,0,0.0063723433,autoencoder,670.0
S3,0,0.0063757654,autoencoder,680.0
S3,0,0.0037064871,autoencoder,690.0
S3,0,0.006945888,autoencoder,700.0
S3,0,0.014802136,autoencoder,710.0
S3,0,0.017900074,autoencoder,720.0
S3,0,0.012339197,autoencoder,730.0
S3,0,0.009365194,autoencoder,740.0
S3,0,0.008474973,autoencoder,750.0
S3,0,0.010507348,autoencoder,760.0
S3,0,0.012191747,autoencoder,770.0
S3,0,0.012212346,autoencoder,780.0
S3,0,0.0113201365,autoencoder,790.0
S3,0,0.0070568323,autoencoder,800.0
S3,0,0.009619405,autoencoder,810.0
S3,0,0.0166396,autoencoder,820.0
S3,0,0.012503627,autoencoder,830.0
S3,0,0.007961021,autoencoder,840.0
S3,0,0.0045967563,autoencoder,850.0
S3,0,0.0035654772,autoencoder,860.0
S3,0,0.0053853192,autoencoder,870.0
S3,0,0.0063696294,autoencoder,880.0
S3,0,0.0034278126,autoencoder,890.0
S3,0,0.0029351849,autoencoder,900.0
S3,0,0.003523818,autoencoder,910.0
S3,0,0.0045488835,autoencoder,920.0
S3,0,0.006226891,autoencoder,930.0
S3,0,0.005644092,autoencoder,940.0
S3,0,0.008549274,autoencoder,950.0
S3,0,0.008588093,autoencoder,960.0
S3,0,0.0065696533,autoencoder,970.0
S3,0,0.0058332384,autoencoder,980.0
S3,0,0.007868895,autoencoder,990.0
S3,0,0.004276375,autoencoder,1000.0
S3,0,0.004951931,autoencoder,1010.0
S3,0,0.0049903076,autoencoder,1020.0
S3,0,0.0041477177,autoencoder,1030.0
S3,0,0.0065709096,autoencoder,1040.0
S3,0,0.008130008,autoencoder,1050.0
S3,0,0.008687516,autoencoder,1060.0
S3,0,0.007834,autoencoder,1070.0
S3,0,0.006041168,autoencoder,1080.0
S3,1,0.051866602,autoencoder,0.0
S3,1,0.042770535,autoencoder,10.0
S3,1,0.034407813,autoencoder,20.0
S3,1,0.032705743,autoencoder,30.0
S3,1,0.028150974,autoencoder,40.0
S3,1,0.05600856,autoencoder,50.0
S3,1,0.12879494,autoencoder,60.0
S3,1,0.15415671,autoencoder,70.0
S3,1,0.18261598,autoencoder,80.0
S3,1,0.18242495,autoencoder,90.0
S3,1,0.10017103,autoencoder,100.0
S3,1,0.051342297,autoencoder,110.0
S3,1,0.064920254,autoencoder,120.0
S3,1,0.06458416,autoencoder,130.0
S3,1,0.06167167,autoencoder,140.0
S3,1,0.06270414,autoencoder,150.0
S3,1,0.08032919,autoencoder,160.0
S3,1,0.079885036,autoencoder,170.0
S3,1,0.09504662,autoencoder,180.0
S3,1,0.079231374,autoencoder,190.0
S3,1,0.05538931,autoencoder,200.0
S3,1,0.074227355,autoencoder,210.0
S3,1,0.073930584,autoencoder,220.0
S3,1,0.081202544,autoencoder,230.0
S3,1,0.04003134,autoencoder,240.0
S3,1,0.032909516,autoencoder,250.0
S3,1,0.028437944,autoencoder,260.0
S3,1,0.024545053,autoencoder,270.0
S3,1,0.014109108,autoencoder,280.0
S3,1,0.01326442,autoencoder,290.0
S3,1,0.015384778,autoencoder,300.0
S3,1,0.019329438,autoencoder,310.0
S3,1,0.018900733,autoencoder,320.0
S3,1,0.017244237,autoencoder,330.0
S3,1,0.019516066,autoencoder,340.0
S3,1,0.018545387,autoencoder,350.0
S3,1,0.018475587,autoencoder,360.0
S3,1,0.019872727,autoencoder,370.0
S3,1,0.022363896,autoencoder,380.0
S3,1,0.021652995,autoencoder,390.0
S3,1,0.01965364,autoencoder,400.0
S3,1,0.020121524,autoencoder,410.0
S3,1,0.01813312,autoencoder,420.0
S3,1,0.016675336,autoencoder,430.0
S3,1,0.016405882,autoencoder,440.0
S3,1,0.01617977,autoencoder,450.0
S3,1,0.017512694,autoencoder,460.0
S3,1,0.015405253,autoencoder,470.0
S3,1,0.014895688,autoencoder,480.0
S3,1,0.014191571,autoencoder,490.0
S3,1,0.015889304,autoencoder,500.0
S3,1,0.020122891,autoencoder,510.0
S3,1,0.016518505,autoencoder,520.0
S3,1,0.014611111,autoencoder,530.0
S3,1,0.020371849,autoencoder,540.0
S3,1,0.01331488,autoencoder,550.0
S3,1,0.014151125,autoencoder,560.0
S3,1,0.012731855,autoencoder,570.0
S3,1,0.011269619,autoencoder,580.0
S4,0,0.006766854,autoencoder,0.0
S4,0,0.005505925,autoencoder,10.0
S4,0,0.004767773,autoencoder,20.0
S4,0,0.004743662,autoencoder,30.0
S4,0,0.0032350172,autoencoder,40.0
S4,0,0.0034029968,autoencoder,50.0
S4,0,0.003235561,autoencoder,60.0
S4,0,0.0030597765,autoencoder,70.0
S4,0,0.0030147417,autoencoder,80.0
S4,0,0.003953346,autoencoder,90.0
S4,0,0.0036670947,autoencoder,100.0
S4,0,0.0037050557,autoencoder,110.0
S4,0,0.0039132615,autoencoder,120.0
S4,0,0.004658408,autoencoder,130.0
S4,0,0.003428217,autoencoder,140.0
S4,0,0.0031620513,autoencoder,150.0
S4,0,0.004657281,autoencoder,160.0
S4,0,0.003895765,autoencoder,170.0
S4,0,0.0044186395,autoencoder,180.0
S4,0,0.0055703,autoencoder,190.0
S4,0,0.0058078184,autoencoder,200.0
S4,0,0.0047691106,autoencoder,210.0
S4,0,0.004146625,autoencoder,220.0
S4,0,0.004069709,autoencoder,230.0
S4,0,0.0040524486,autoencoder,240.0
S4,0,0.0036790555,autoencoder,250.0
S4,0,0.004673671,autoencoder,260.0
S4,0,0.004643373,autoencoder,270.0
S4,0,0.0049727815,autoencoder,280.0
S4,0,0.0058168923,autoencoder,290.0
S4,0,0.005710415,autoencoder,300.0
S4,0,0.006116707,autoencoder,310.0
S4,0,0.005395966,autoencoder,320.0
S4,0,0.004697384,autoencoder,330.0
S4,0,0.006266814,autoencoder,340.0
S4,0,0.00459998,autoencoder,350.0
S4,0,0.0046216664,autoencoder,360.0
S4,0,0.003696478,autoencoder,370.0
S4,0,0.004120276,autoencoder,380.0
S4,0,0.0033039984,autoencoder,390.0
S4,0,0.002382782,autoencoder,400.0
S4,0,0.002590527,autoencoder,410.0
S4,0,0.002107571,autoencoder,420.0
S4,0,0.0022587215,autoencoder,430.0
S4,0,0.0021973853,autoencoder,440.0
S4,0,0.003203564,autoencoder,450.0
S4,0,0.0037568845,autoencoder,460.0
S4,0,0.003487248,autoencoder,470.0
S4,0,0.002757644,autoencoder,480.0
S4,0,0.0028014772,autoencoder,490.0
S4,0,0.0030187208,autoencoder,500.0
S4,0,0.0028419688,autoencoder,510.0
S4,0,0.0070887636,autoencoder,520.0
S4,0,0.0015870429,autoencoder,530.0
S4,0,0.0038128458,autoencoder,540.0
S4,0,0.004237833,autoencoder,550.0
S4,0,0.0024795528,autoencoder,560.0
S4,0,0.0026667882,autoencoder,570.0
S4,0,0.0019997202,autoencoder,580.0
S4,0,0.0018736942,autoencoder,590.0
S4,0,0.0028133544,autoencoder,600.0
S4,0,0.0040320097,autoencoder,610.0
S4,0,0.0051217293,autoencoder,620.0
S4,0,0.005463853,autoencoder,630.0
S4,0,0.0052313996,autoencoder,640.0
S4,0,0.0027832754,autoencoder,650.0
S4,0,0.0033594957,autoencoder,660.0
S4,0,0.004363811,autoencoder,670.0
S4,0,0.0033974843,autoencoder,680.0
S4,0,0.004300172,autoencoder,690.0
S4,0,0.0031612422,autoencoder,700.0
S4,0,0.0040463726,autoencoder,710.0
S4,0,0.004452415,autoencoder,720.0
S4,0,0.0049945493,autoencoder,730.0
S4,0,0.0033514854,autoencoder,740.0
S4,0,0.0031349359,autoencoder,750.0
S4,0,0.0031411604,autoencoder,760.0
S4,0,0.0042676753,autoencoder,770.0
S4,0,0.006070394,autoencoder,780.0
S4,0,0.0050967364,autoencoder,790.0
S4,0,0.0055914745,autoencoder,800.0
S4,0,0.0049710893,autoencoder,810.0
S4,0,0.005787028,autoencoder,820.0
S4,0,0.0077698804,autoencoder,830.0
S4,0,0.006182708,autoencoder,840.0
S4,0,0.0029296607,autoencoder,850.0
S4,0,0.00341316,autoencoder,860.0
S4,0,0.0026782972,autoencoder,870.0
S4,0,0.004153925,autoencoder,880.0
S4,0,0.0037358825,autoencoder,890.0
S4,0,0.0049723205,autoencoder,900.0
S4,0,0.005674944,autoencoder,910.0
S4,0,0.004578782,autoencoder,920.0
S4,0,0.00694067,autoencoder,930.0
S4,0,0.01091959,autoencoder,940.0
S4,0,0.006821181,autoencoder,950.0
S4,0,0.0038724134,autoencoder,960.0
S4,0,0.0036454767,autoencoder,970.0
S4,0,0.0029583282,autoencoder,980.0
S4,0,0.0022455368,autoencoder,990.0
S4,0,0.0033646442,autoencoder,1000.0
S4,0,0.0031529982,autoencoder,1010.0
S4,0,0.0032717946,autoencoder,1020.0
S4,0,0.0039961482,autoencoder,1030.0
S4,0,0.0031641626,autoencoder,1040.0
S4,0,0.0034898596,autoencoder,1050.0
S4,0,0.003106693,autoencoder,1060.0
S4,0,0.00394667,autoencoder,1070.0
S4,0,0.0031054302,autoencoder,1080.0
S4,0,0.0027445152,autoencoder,1090.0
S4,1,0.0159056,autoencoder,0.0
S4,1,0.013889667,autoencoder,10.0
S4,1,0.012242548,autoencoder,20.0
S4,1,0.013300377,autoencoder,30.0
S4,1,0.012785711,autoencoder,40.0
S4,1,0.012214567,autoencoder,50.0
S4,1,0.012577202,autoencoder,60.0
S4,1,0.01237246,autoencoder,70.0
S4,1,0.010698587,autoencoder,80.0
S4,1,0.010116823,autoencoder,90.0
S4,1,0.015589924,autoencoder,100.0
S4,1,0.018273564,autoencoder,110.0
S4,1,0.021044785,autoencoder,120.0
S4,1,0.016108932,autoencoder,130.0
S4,1,0.020033281,autoencoder,140.0
S4,1,0.016228465,autoencoder,150.0
S4,1,0.0086024115,autoencoder,160.0
S4,1,0.008655126,autoencoder,170.0
S4,1,0.008447234,autoencoder,180.0
S4,1,0.010947432,autoencoder,190.0
S4,1,0.010364371,autoencoder,200.0
S4,1,0.009489004,autoencoder,210.0
S4,1,0.0064973645,autoencoder,220.0
S4,1,0.005656185,autoencoder,230.0
S4,1,0.0060533998,autoencoder,240.0
S4,1,0.0075224396,autoencoder,250.0
S4,1,0.0064144284,autoencoder,260.0
S4,1,0.007964815,autoencoder,270.0
S4,1,0.009208393,autoencoder,280.0
S4,1,0.009865248,autoencoder,290.0
S4,1,0.011371564,autoencoder,300.0
S4,1,0.011091861,autoencoder,310.0
S4,1,0.011402429,autoencoder,320.0
S4,1,0.009554547,autoencoder,330.0
S4,1,0.009310416,autoencoder,340.0
S4,1,0.008567042,autoencoder,350.0
S4,1,0.007935996,autoencoder,360.0
S4,1,0.008877598,autoencoder,370.0
S4,1,0.0097396495,autoencoder,380.0
S4,1,0.011339179,autoencoder,390.0
S4,1,0.011218985,autoencoder,400.0
S4,1,0.009680158,autoencoder,410.0
S4,1,0.0115298,autoencoder,420.0
S4,1,0.015590668,autoencoder,430.0
S4,1,0.018284744,autoencoder,440.0
S4,1,0.018889772,autoencoder,450.0
S4,1,0.016140072,autoencoder,460.0
S4,1,0.015112908,autoencoder,470.0
S4,1,0.014740281,autoencoder,480.0
S4,1,0.010162377,autoencoder,490.0
S4,1,0.011993739,autoencoder,500.0
S4,1,0.011465956,autoencoder,510.0
S4,1,0.01224634,autoencoder,520.0
S4,1,0.013255209,autoencoder,530.0
S4,1,0.0108860945,autoencoder,540.0
S4,1,0.009091718,autoencoder,550.0
S4,1,0.010847561,autoencoder,560.0
S4,1,0.017183438,autoencoder,570.0
S5,0,0.056683134,autoencoder,0.0
S5,0,0.048350006,autoencoder,10.0
S5,0,0.029682368,autoencoder,20.0
S5,0,0.021084199,autoencoder,30.0
S5,0,0.018056327,autoencoder,40.0
S5,0,0.020192172,autoencoder,50.0
S5,0,0.00894603,autoencoder,60.0
S5,0,0.0055882535,autoencoder,70.0
S5,0,0.008438445,autoencoder,80.0
S5,0,0.016694972,autoencoder,90.0
S5,0,0.027575195,autoencoder,100.0
S5,0,0.027975312,autoencoder,110.0
S5,0,0.025306271,autoencoder,120.0
S5,0,0.024252756,autoencoder,130.0
S5,0,0.021687053,autoencoder,140.0
S5,0,0.016336752,autoencoder,150.0
S5,0,0.01282334,autoencoder,160.0
S5,0,0.01098917,autoencoder,170.0
S5,0,0.017575433,autoencoder,180.0
S5,0,0.022368351,autoencoder,190.0
S5,0,0.029893557,autoencoder,200.0
S5,0,0.02197438,autoencoder,210.0
S5,0,0.011112053,autoencoder,220.0
S5,0,0.00982212,autoencoder,230.0
S5,0,0.024537923,autoencoder,240.0
S5,0,0.01845135,autoencoder,250.0
S5,0,0.017777162,autoencoder,260.0
S5,0,0.025579961,autoencoder,270.0
S5,0,0.023381302,autoencoder,280.0
S5,0,0.022418784,autoencoder,290.0
S5,0,0.036343023,autoencoder,300.0
S5,0,0.025647813,autoencoder,310.0
S5,0,0.0398838,autoencoder,320.0
S5,0,0.037067562,autoencoder,330.0
S5,0,0.03751723,autoencoder,340.0
S5,0,0.02400498,autoencoder,350.0
S5,0,0.019667583,autoencoder,360.0
S5,0,0.018216727,autoencoder,370.0
S5,0,0.010819595,autoencoder,380.0
S5,0,0.01903795,autoencoder,390.0
S5,0,0.017884733,autoencoder,400.0
S5,0,0.016966455,autoencoder,410.0
S5,0,0.014988386,autoencoder,420.0
S5,0,0.015137531,autoencoder,430.0
S5,0,0.01409569,autoencoder,440.0
S5,0,0.009196908,autoencoder,450.0
S5,0,0.0101421485,autoencoder,460.0
S5,0,0.012116134,autoencoder,470.0
S5,0,0.00793028,autoencoder,480.0
S5,0,0.006057522,autoencoder,490.0
S5,0,0.005213359,autoencoder,500.0
S5,0,0.0060096253,autoencoder,510.0
S5,0,0.0074039865,autoencoder,520.0
S5,0,0.009709369,autoencoder,530.0
S5,0,0.010920007,autoencoder,540.0
S5,0,0.010624596,autoencoder,550.0
S5,0,0.010526878,autoencoder,560.0
S5,0,0.008714314,autoencoder,570.0
S5,0,0.0076358654,autoencoder,580.0
S5,0,0.0047667474,autoencoder,590.0
S5,0,0.0038784712,autoencoder,600.0
S5,0,0.00554898,autoencoder,610.0
S5,0,0.0052684085,autoencoder,620.0
S5,0,0.0052613765,autoencoder,630.0
S5,0,0.005344397,autoencoder,640.0
S5,0,0.01247554,autoencoder,650.0
S5,0,0.0070459414,autoencoder,660.0
S5,0,0.0059040636,autoencoder,670.0
S5,0,0.0064697987,autoencoder,680.0
S5,0,0.007197087,autoencoder,690.0
S5,0,0.008152102,autoencoder,700.0
S5,0,0.013329557,autoencoder,710.0
S5,0,0.009528981,autoencoder,720.0
S5,0,0.009238488,autoencoder,730.0
S5,0,0.009492662,autoencoder,740.0
S5,0,0.010724954,autoencoder,750.0
S5,0,0.010325438,autoencoder,760.0
S5,0,0.00852732,autoencoder,770.0
S5,0,0.011708975,autoencoder,780.0
S5,0,0.017943798,autoencoder,790.0
S5,0,0.022129914,autoencoder,800.0
S5,0,0.028543467,autoencoder,810.0
S5,0,0.017399365,autoencoder,820.0
S5,0,0.014848431,autoencoder,830.0
S5,0,0.017437939,autoencoder,840.0
S5,0,0.0130181685,autoencoder,850.0
S5,0,0.013306421,autoencoder,860.0
S5,0,0.011865958,autoencoder,870.0
S5,0,0.0048360266,autoencoder,880.0
S5,0,0.0038372462,autoencoder,890.0
S5,0,0.0035965133,autoencoder,900.0
S5,0,0.011381271,autoencoder,910.0
S5,0,0.012379286,autoencoder,920.0
S5,0,0.011908527,autoencoder,930.0
S5,0,0.014396579,autoencoder,940.0
S5,0,0.016230777,autoencoder,950.0
S5,0,0.019273372,autoencoder,960.0
S5,0,0.009858023,autoencoder,970.0
S5,0,0.01080284,autoencoder,980.0
S5,0,0.011274214,autoencoder,990.0
S5,0,0.0141151855,autoencoder,1000.0
S5,0,0.013533856,autoencoder,1010.0
S5,0,0.0062066894,autoencoder,1020.0
S5,0,0.0076355734,autoencoder,1030.0
S5,0,0.013488232,autoencoder,1040.0
S5,0,0.009396746,autoencoder,1050.0
S5,0,0.0064637954,autoencoder,1060.0
S5,0,0.005934661,autoencoder,1070.0
S5,0,0.006871244,autoencoder,1080.0
S5,0,0.009205841,autoencoder,1090.0
S5,0,0.0115034515,autoencoder,1100.0
S5,0,0.009035704,autoencoder,1110.0
S5,0,0.008312442,autoencoder,1120.0
S5,0,0.007218782,autoencoder,1130.0
S5,1,0.030688502,autoencoder,0.0
S5,1,0.028445536,autoencoder,10.0
S5,1,0.035541367,autoencoder,20.0
S5,1,0.03089033,autoencoder,30.0
S5,1,0.031177944,autoencoder,40.0
S5,1,0.027222415,autoencoder,50.0
S5,1,0.026573831,autoencoder,60.0
S5,1,0.03489384,autoencoder,70.0
S5,1,0.031049842,autoencoder,80.0
S5,1,0.029926406,autoencoder,90.0
S5,1,0.030263571,autoencoder,100.0
S5,1,0.032723542,autoencoder,110.0
S5,1,0.033574734,autoencoder,120.0
S5,1,0.03387991,autoencoder,130.0
S5,1,0.03477486,autoencoder,140.0
S5,1,0.031719167,autoencoder,150.0
S5,1,0.032544468,autoencoder,160.0
S5,1,0.028925827,autoencoder,170.0
S5,1,0.021378504,autoencoder,180.0
S5,1,0.02599845,autoencoder,190.0
S5,1,0.018559618,autoencoder,200.0
S5,1,0.019582674,autoencoder,210.0
S5,1,0.019074395,autoencoder,220.0
S5,1,0.018907635,autoencoder,230.0
S5,1,0.01980878,autoencoder,240.0
S5,1,0.017198283,autoencoder,250.0
S5,1,0.013689689,autoencoder,260.0
S5,1,0.013620148,autoencoder,270.0
S5,1,0.01323871,autoencoder,280.0
S5,1,0.013805881,autoencoder,290.0
S5,1,0.013845253,autoencoder,300.0
S5,1,0.014454369,autoencoder,310.0
S5,1,0.017969858,autoencoder,320.0
S5,1,0.021003423,autoencoder,330.0
S5,1,0.025232265,autoencoder,340.0
S5,1,0.030716784,autoencoder,350.0
S5,1,0.034757134,autoencoder,360.0
S5,1,0.03878719,autoencoder,370.0
S5,1,0.04797314,autoencoder,380.0
S5,1,0.039217107,autoencoder,390.0
S5,1,0.031143406,autoencoder,400.0
S5,1,0.029226912,autoencoder,410.0
S5,1,0.030432776,autoencoder,420.0
S5,1,0.02828937,autoencoder,430.0
S5,1,0.033389788,autoencoder,440.0
S5,1,0.031267982,autoencoder,450.0
S5,1,0.03881877,autoencoder,460.0
S5,1,0.102858074,autoencoder,470.0
S5,1,0.117685534,autoencoder,480.0
S5,1,0.11676529,autoencoder,490.0
S5,1,0.119074285,autoencoder,500.0
S5,1,0.11327413,autoencoder,510.0
S5,1,0.12357235,autoencoder,520.0
S5,1,0.06400825,autoencoder,530.0
S5,1,0.07880669,autoencoder,540.0
S5,1,0.080847256,autoencoder,550.0
S5,1,0.07399894,autoencoder,560.0
S5,1,0.069290034,autoencoder,570.0
S5,1,0.06246909,autoencoder,580.0
S6,0,0.010002368,autoencoder,0.0
S6,0,0.0060136337,autoencoder,10.0
S6,0,0.0061372085,autoencoder,20.0
S6,0,0.009056923,autoencoder,30.0
S6,0,0.008744615,autoencoder,40.0
S6,0,0.00790171,autoencoder,50.0
S6,0,0.0086856205,autoencoder,60.0
S6,0,0.0069427695,autoencoder,70.0
S6,0,0.005592247,autoencoder,80.0
S6,0,0.005848821,autoencoder,90.0
S6,0,0.006828921,autoencoder,100.0
S6,0,0.0083899,autoencoder,110.0
S6,0,0.008748333,autoencoder,120.0
S6,0,0.008293665,autoencoder,130.0
S6,0,0.008487575,autoencoder,140.0
S6,0,0.007922128,autoencoder,150.0
S6,0,0.008232844,autoencoder,160.0
S6,0,0.008711073,autoencoder,170.0
S6,0,0.0083754165,autoencoder,180.0
S6,0,0.0067941914,autoencoder,190.0
S6,0,0.004068446,autoencoder,200.0
S6,0,0.005481425,autoencoder,210.0
S6,0,0.005444739,autoencoder,220.0
S6,0,0.004080864,autoencoder,230.0
S6,0,0.0041782656,autoencoder,240.0
S6,0,0.0049002967,autoencoder,250.0
S6,0,0.0055970275,autoencoder,260.0
S6,0,0.004417444,autoencoder,270.0
S6,0,0.005675918,autoencoder,280.0
S6,0,0.005452689,autoencoder,290.0
S6,0,0.006055108,autoencoder,300.0
S6,0,0.005160441,autoencoder,310.0
S6,0,0.0036963534,autoencoder,320.0
S6,0,0.0031682933,autoencoder,330.0
S6,0,0.005672613,autoencoder,340.0
S6,0,0.004506133,autoencoder,350.0
S6,0,0.0032582153,autoencoder,360.0
S6,0,0.0028013259,autoencoder,370.0
S6,0,0.0022021949,autoencoder,380.0
S6,0,0.0028342009,autoencoder,390.0
S6,0,0.0028977406,autoencoder,400.0
S6,0,0.002288185,autoencoder,410.0
S6,0,0.004000265,autoencoder,420.0
S6,0,0.00260689,autoencoder,430.0
S6,0,0.0022356398,autoencoder,440.0
S6,0,0.0027672925,autoencoder,450.0
S6,0,0.0029024605,autoencoder,460.0
S6,0,0.002465085,autoencoder,470.0
S6,0,0.0021290744,autoencoder,480.0
S6,0,0.0015973379,autoencoder,490.0
S6,0,0.0015778602,autoencoder,500.0
S6,0,0.0015680077,autoencoder,510.0
S6,0,0.0023027665,autoencoder,520.0
S6,0,0.0027767683,autoencoder,530.0
S6,0,0.0036919226,autoencoder,540.0
S6,0,0.0032464955,autoencoder,550.0
S6,0,0.0026143314,autoencoder,560.0
S6,0,0.0034753743,autoencoder,570.0
S6,0,0.0016454268,autoencoder,580.0
S6,0,0.0012673315,autoencoder,590.0
S6,0,0.0013007853,autoencoder,600.0
S6,0,0.0024449213,autoencoder,610.0
S6,0,0.0011095813,autoencoder,620.0
S6,0,0.0015296418,autoencoder,630.0
S6,0,0.0017974743,autoencoder,640.0
S6,0,0.004544128,autoencoder,650.0
S6,0,0.0044640363,autoencoder,660.0
S6,0,0.003959616,autoencoder,670.0
S6,0,0.0043294574,autoencoder,680.0
S6,0,0.0042229625,autoencoder,690.0
S6,0,0.0046080095,autoencoder,700.0
S6,0,0.0031641263,autoencoder,710.0
S6,0,0.004001701,autoencoder,720.0
S6,0,0.0023634743,autoencoder,730.0
S6,0,0.002077832,autoencoder,740.0
S6,0,0.0019277227,autoencoder,750.0
S6,0,0.0017881008,autoencoder,760.0
S6,0,0.002800772,autoencoder,770.0
S6,0,0.0033486306,autoencoder,780.0
S6,0,0.0028467216,autoencoder,790.0
S6,0,0.0025670372,autoencoder,800.0
S6,0,0.0022473163,autoencoder,810.0
S6,0,0.0011057369,autoencoder,820.0
S6,0,0.0014436827,autoencoder,830.0
S6,0,0.0012380822,autoencoder,840.0
S6,0,0.0008801204,autoencoder,850.0
S6,0,0.0012644558,autoencoder,860.0
S6,0,0.0012852257,autoencoder,870.0
S6,0,0.0015941026,autoencoder,880.0
S6,0,0.0021177493,autoencoder,890.0
S6,0,0.0018106429,autoencoder,900.0
S6,0,0.0024256676,autoencoder,910.0
S6,0,0.0012688038,autoencoder,920.0
S6,0,0.0021518623,autoencoder,930.0
S6,0,0.0017337725,autoencoder,940.0
S6,0,0.0017357022,autoencoder,950.0
S6,0,0.0015263456,autoencoder,960.0
S6,0,0.0022898724,autoencoder,970.0
S6,0,0.002661651,autoencoder,980.0
S6,0,0.0028385855,autoencoder,990.0
S6,0,0.0020887966,autoencoder,1000.0
S6,0,0.0015303711,autoencoder,1010.0
S6,0,0.0016659591,autoencoder,1020.0
S6,0,0.0012295224,autoencoder,1030.0
S6,0,0.0011653595,autoencoder,1040.0
S6,0,0.0013654004,autoencoder,1050.0
S6,0,0.0016081609,autoencoder,1060.0
S6,0,0.0014739389,autoencoder,1070.0
S6,0,0.0014737331,autoencoder,1080.0
S6,0,0.0015551938,autoencoder,1090.0
S6,0,0.0015336461,autoencoder,1100.0
S6,0,0.0024333682,autoencoder,1110.0
S6,0,0.0022351819,autoencoder,1120.0
S6,1,0.010812353,autoencoder,0.0
S6,1,0.007605275,autoencoder,10.0
S6,1,0.0062216264,autoencoder,20.0
S6,1,0.0076650344,autoencoder,30.0
S6,1,0.012601222,autoencoder,40.0
S6,1,0.020216556,autoencoder,50.0
S6,1,0.022836693,autoencoder,60.0
S6,1,0.008346622,autoencoder,70.0
S6,1,0.008644486,autoencoder,80.0
S6,1,0.0096967695,autoencoder,90.0
S6,1,0.00867695,autoencoder,100.0
S6,1,0.009049445,autoencoder,110.0
S6,1,0.009663124,autoencoder,120.0
S6,1,0.009836776,autoencoder,130.0
S6,1,0.010673657,autoencoder,140.0
S6,1,0.0118017085,autoencoder,150.0
S6,1,0.010784257,autoencoder,160.0
S6,1,0.011340155,autoencoder,170.0
S6,1,0.010538362,autoencoder,180.0
S6,1,0.011068272,autoencoder,190.0
S6,1,0.009237965,autoencoder,200.0
S6,1,0.011910163,autoencoder,210.0
S6,1,0.009992856,autoencoder,220.0
S6,1,0.010864998,autoencoder,230.0
S6,1,0.013919816,autoencoder,240.0
S6,1,0.0115307495,autoencoder,250.0
S6,1,0.0108253835,autoencoder,260.0
S6,1,0.010404693,autoencoder,270.0
S6,1,0.011022195,autoencoder,280.0
S6,1,0.0128893815,autoencoder,290.0
S6,1,0.014467691,autoencoder,300.0
S6,1,0.013055646,autoencoder,310.0
S6,1,0.01250119,autoencoder,320.0
S6,1,0.01334861,autoencoder,330.0
S6,1,0.01416096,autoencoder,340.0
S6,1,0.0143328635,autoencoder,350.0
S6,1,0.015153299,autoencoder,360.0
S6,1,0.015788347,autoencoder,370.0
S6,1,0.01564738,autoencoder,380.0
S6,1,0.017465916,autoencoder,390.0
S6,1,0.015276718,autoencoder,400.0
S6,1,0.014635277,autoencoder,410.0
S6,1,0.013348192,autoencoder,420.0
S6,1,0.013907841,autoencoder,430.0
S6,1,0.012959551,autoencoder,440.0
S6,1,0.015011802,autoencoder,450.0
S6,1,0.01564873,autoencoder,460.0
S6,1,0.016676385,autoencoder,470.0
S6,1,0.016977841,autoencoder,480.0
S6,1,0.016099071,autoencoder,490.0
S6,1,0.016252037,autoencoder,500.0
S6,1,0.010937448,autoencoder,510.0
S6,1,0.009807031,autoencoder,520.0
S6,1,0.009941761,autoencoder,530.0
S6,1,0.010974268,autoencoder,540.0
S6,1,0.010860927,autoencoder,550.0
S6,1,0.007983856,autoencoder,560.0
S6,1,0.008389927,autoencoder,570.0
S6,1,0.008756609,autoencoder,580.0
S6,1,0.0089110015,autoencoder,590.0
S7,0,0.008551536,autoencoder,0.0
S7,0,0.007855333,autoencoder,10.0
S7,0,0.009144339,autoencoder,20.0
S7,0,0.008601239,autoencoder,30.0
S7,0,0.009918268,autoencoder,40.0
S7,0,0.009090313,autoencoder,50.0
S7,0,0.009973687,autoencoder,60.0
S7,0,0.0103743,autoencoder,70.0
S7,0,0.021306038,autoencoder,80.0
S7,0,0.022790127,autoencoder,90.0
S7,0,0.015347333,autoencoder,100.0
S7,0,0.018226286,autoencoder,110.0
S7,0,0.023010412,autoencoder,120.0
S7,0,0.029051224,autoencoder,130.0
S7,0,0.037196096,autoencoder,140.0
S7,0,0.06994027,autoencoder,150.0
S7,0,0.08610516,autoencoder,160.0
S7,0,0.05941877,autoencoder,170.0
S7,0,0.04396364,autoencoder,180.0
S7,0,0.011659042,autoencoder,190.0
S7,0,0.0066166674,autoencoder,200.0
S7,0,0.006609281,autoencoder,210.0
S7,0,0.006941331,autoencoder,220.0
S7,0,0.0145559795,autoencoder,230.0
S7,0,0.023967728,autoencoder,240.0
S7,0,0.022066722,autoencoder,250.0
S7,0,0.018797668,autoencoder,260.0
S7,0,0.014590866,autoencoder,270.0
S7,0,0.021142868,autoencoder,280.0
S7,0,0.025972733,autoencoder,290.0
S7,0,0.020896817,autoencoder,300.0
S7,0,0.025600338,autoencoder,310.0
S7,0,0.059255544,autoencoder,320.0
S7,0,0.08207748,autoencoder,330.0
S7,0,0.06388431,autoencoder,340.0
S7,0,0.051466823,autoencoder,350.0
S7,0,0.03962213,autoencoder,360.0
S7,0,0.019981867,autoencoder,370.0
S7,0,0.01858679,autoencoder,380.0
S7,0,0.029877713,autoencoder,390.0
S7,0,0.036227446,autoencoder,400.0
S7,0,0.03818615,autoencoder,410.0
S7,0,0.026825137,autoencoder,420.0
S7,0,0.024414828,autoencoder,430.0
S7,0,0.02120825,autoencoder,440.0
S7,0,0.02022376,autoencoder,450.0
S7,0,0.019631395,autoencoder,460.0
S7,0,0.016340641,autoencoder,470.0
S7,0,0.012434394,autoencoder,480.0
S7,0,0.018160524,autoencoder,490.0
S7,0,0.027321732,autoencoder,500.0
S7,0,0.03838086,autoencoder,510.0
S7,0,0.041163966,autoencoder,520.0
S7,0,0.038434308,autoencoder,530.0
S7,0,0.033751838,autoencoder,540.0
S7,0,0.028889732,autoencoder,550.0
S7,0,0.02280242,autoencoder,560.0
S7,0,0.018030843,autoencoder,570.0
S7,0,0.014917645,autoencoder,580.0
S7,0,0.01289067,autoencoder,590.0
S7,0,0.01275514,autoencoder,600.0
S7,0,0.01483984,autoencoder,610.0
S7,0,0.022243464,autoencoder,620.0
S7,0,0.030309943,autoencoder,630.0
S7,0,0.03308645,autoencoder,640.0
S7,0,0.034872096,autoencoder,650.0
S7,0,0.034411523,autoencoder,660.0
S7,0,0.031534445,autoencoder,670.0
S7,0,0.02228755,autoencoder,680.0
S7,0,0.009515647,autoencoder,690.0
S7,0,0.010107119,autoencoder,700.0
S7,0,0.02025027,autoencoder,710.0
S7,0,0.03215986,autoencoder,720.0
S7,0,0.026905725,autoencoder,730.0
S7,0,0.015283902,autoencoder,740.0
S7,0,0.010480438,autoencoder,750.0
S7,0,0.007862384,autoencoder,760.0
S7,0,0.0073519354,autoencoder,770.0
S7,0,0.010338224,autoencoder,780.0
S7,0,0.014554713,autoencoder,790.0
S7,0,0.018387066,autoencoder,800.0
S7,0,0.019339046,autoencoder,810.0
S7,0,0.020549567,autoencoder,820.0
S7,0,0.016470924,autoencoder,830.0
S7,0,0.014228559,autoencoder,840.0
S7,0,0.017703654,autoencoder,850.0
S7,0,0.01449757,autoencoder,860.0
S7,0,0.0152683025,autoencoder,870.0
S7,0,0.015655397,autoencoder,880.0
S7,0,0.016944034,autoencoder,890.0
S7,0,0.020104988,autoencoder,900.0
S7,0,0.01669526,autoencoder,910.0
S7,0,0.017327638,autoencoder,920.0
S7,0,0.0153371515,autoencoder,930.0
S7,0,0.014036958,autoencoder,940.0
S7,0,0.015133084,autoencoder,950.0
S7,0,0.015278167,autoencoder,960.0
S7,0,0.019544914,autoencoder,970.0
S7,0,0.014995304,autoencoder,980.0
S7,0,0.012001507,autoencoder,990.0
S7,0,0.009456417,autoencoder,1000.0
S7,0,0.008335721,autoencoder,1010.0
S7,0,0.008551213,autoencoder,1020.0
S7,0,0.009454484,autoencoder,1030.0
S7,0,0.012016504,autoencoder,1040.0
S7,0,0.010585085,autoencoder,1050.0
S7,0,0.012514061,autoencoder,1060.0
S7,0,0.010261593,autoencoder,1070.0
S7,0,0.009742986,autoencoder,1080.0
S7,0,0.012925212,autoencoder,1090.0
S7,0,0.014727865,autoencoder,1100.0
S7,0,0.017480835,autoencoder,1110.0
S7,0,0.018009255,autoencoder,1120.0
S7,1,0.039281253,autoencoder,0.0
S7,1,0.041660532,autoencoder,10.0
S7,1,0.03338184,autoencoder,20.0
S7,1,0.044417422,autoencoder,30.0
S7,1,0.04427108,autoencoder,40.0
S7,1,0.062324364,autoencoder,50.0
S7,1,0.062617004,autoencoder,60.0
S7,1,0.052051675,autoencoder,70.0
S7,1,0.052954823,autoencoder,80.0
S7,1,0.036318395,autoencoder,90.0
S7,1,0.033049427,autoencoder,100.0
S7,1,0.030144535,autoencoder,110.0
S7,1,0.037362233,autoencoder,120.0
S7,1,0.04759003,autoencoder,130.0
S7,1,0.041641694,autoencoder,140.0
S7,1,0.05761615,autoencoder,150.0
S7,1,0.06899637,autoencoder,160.0
S7,1,0.057451013,autoencoder,170.0
S7,1,0.038033992,autoencoder,180.0
S7,1,0.031857003,autoencoder,190.0
S7,1,0.04179536,autoencoder,200.0
S7,1,0.04322729,autoencoder,210.0
S7,1,0.06465223,autoencoder,220.0
S7,1,0.057216655,autoencoder,230.0
S7,1,0.08161216,autoencoder,240.0
S7,1,0.054551076,autoencoder,250.0
S7,1,0.039415393,autoencoder,260.0
S7,1,0.030151047,autoencoder,270.0
S7,1,0.01684219,autoencoder,280.0
S7,1,0.013549483,autoencoder,290.0
S7,1,0.025412977,autoencoder,300.0
S7,1,0.025266422,autoencoder,310.0
S7,1,0.03639218,autoencoder,320.0
S7,1,0.035888623,autoencoder,330.0
S7,1,0.04247907,autoencoder,340.0
S7,1,0.03782522,autoencoder,350.0
S7,1,0.032542728,autoencoder,360.0
S7,1,0.031706598,autoencoder,370.0
S7,1,0.027199022,autoencoder,380.0
S7,1,0.027748382,autoencoder,390.0
S7,1,0.02619945,autoencoder,400.0
S7,1,0.028321967,autoencoder,410.0
S7,1,0.02469525,autoencoder,420.0
S7,1,0.02492754,autoencoder,430.0
S7,1,0.026120113,autoencoder,440.0
S7,1,0.024467789,autoencoder,450.0
S7,1,0.030940467,autoencoder,460.0
S7,1,0.033365842,autoencoder,470.0
S7,1,0.029693192,autoencoder,480.0
S7,1,0.02799918,autoencoder,490.0
S7,1,0.029370472,autoencoder,500.0
S7,1,0.02960767,autoencoder,510.0
S7,1,0.033305455,autoencoder,520.0
S7,1,0.034369163,autoencoder,530.0
S7,1,0.034244422,autoencoder,540.0
S7,1,0.032446396,autoencoder,550.0
S7,1,0.03540082,autoencoder,560.0
S7,1,0.037133887,autoencoder,570.0
S7,1,0.038805753,autoencoder,580.0
S8,0,0.005473353,autoencoder,0.0
S8,0,0.00739011,autoencoder,10.0
S8,0,0.007620688,autoencoder,20.0
S8,0,0.0065069306,autoencoder,30.0
S8,0,0.009291025,autoencoder,40.0
S8,0,0.009436068,autoencoder,50.0
S8,0,0.0098357685,autoencoder,60.0
S8,0,0.009629391,autoencoder,70.0
S8,0,0.009457714,autoencoder,80.0
S8,0,0.009857102,autoencoder,90.0
S8,0,0.0054184436,autoencoder,100.0
S8,0,0.0050640404,autoencoder,110.0
S8,0,0.004480884,autoencoder,120.0
S8,0,0.007065873,autoencoder,130.0
S8,0,0.006161487,autoencoder,140.0
S8,0,0.006046908,autoencoder,150.0
S8,0,0.0070077777,autoencoder,160.0
S8,0,0.006927634,autoencoder,170.0
S8,0,0.0072082947,autoencoder,180.0
S8,0,0.008883233,autoencoder,190.0
S8,0,0.011290665,autoencoder,200.0
S8,0,0.012665329,autoencoder,210.0
S8,0,0.011480898,autoencoder,220.0
S8,0,0.0063807475,autoencoder,230.0
S8,0,0.0062530222,autoencoder,240.0
S8,0,0.004875799,autoencoder,250.0
S8,0,0.00381674,autoencoder,260.0
S8,0,0.0040512565,autoencoder,270.0
S8,0,0.004604209,autoencoder,280.0
S8,0,0.0041439044,autoencoder,290.0
S8,0,0.0035191504,autoencoder,300.0
S8,0,0.0029029108,autoencoder,310.0
S8,0,0.0036532525,autoencoder,320.0
S8,0,0.0047926772,autoencoder,330.0
S8,0,0.0044295895,autoencoder,340.0
S8,0,0.0046716942,autoencoder,350.0
S8,0,0.0038950548,autoencoder,360.0
S8,0,0.0038131133,autoencoder,370.0
S8,0,0.0038355782,autoencoder,380.0
S8,0,0.004341742,autoencoder,390.0
S8,0,0.0023485275,autoencoder,400.0
S8,0,0.0024231768,autoencoder,410.0
S8,0,0.0025791253,autoencoder,420.0
S8,0,0.0032815074,autoencoder,430.0
S8,0,0.0023914522,autoencoder,440.0
S8,0,0.004051805,autoencoder,450.0
S8,0,0.0047431956,autoencoder,460.0
S8,0,0.0027685359,autoencoder,470.0
S8,0,0.0024482424,autoencoder,480.0
S8,0,0.0028118156,autoencoder,490.0
S8,0,0.0025791756,autoencoder,500.0
S8,0,0.0077511296,autoencoder,510.0
S8,0,0.0032610975,autoencoder,520.0
S8,0,0.0037333295,autoencoder,530.0
S8,0,0.0042799828,autoencoder,540.0
S8,0,0.0048667984,autoencoder,550.0
S8,0,0.006390562,autoencoder,560.0
S8,0,0.006666756,autoencoder,570.0
S8,0,0.009495829,autoencoder,580.0
S8,0,0.006236179,autoencoder,590.0
S8,0,0.0042595356,autoencoder,600.0
S8,0,0.009935665,autoencoder,610.0
S8,0,0.0108925225,autoencoder,620.0
S8,0,0.011256685,autoencoder,630.0
S8,0,0.010430687,autoencoder,640.0
S8,0,0.009541681,autoencoder,650.0
S8,0,0.0108895125,autoencoder,660.0
S8,0,0.0046379627,autoencoder,670.0
S8,0,0.0039855465,autoencoder,680.0
S8,0,0.0036441598,autoencoder,690.0
S8,0,0.004188656,autoencoder,700.0
S8,0,0.004355715,autoencoder,710.0
S8,0,0.0046130093,autoencoder,720.0
S8,0,0.0047142957,autoencoder,730.0
S8,0,0.004853149,autoencoder,740.0
S8,0,0.0056983563,autoencoder,750.0
S8,0,0.0076874928,autoencoder,760.0
S8,0,0.009920758,autoencoder,770.0
S8,0,0.0059101726,autoencoder,780.0
S8,0,0.00809784,autoencoder,790.0
S8,0,0.008098746,autoencoder,800.0
S8,0,0.0050353124,autoencoder,810.0
S8,0,0.0039126533,autoencoder,820.0
S8,0,0.0033207706,autoencoder,830.0
S8,0,0.0029698724,autoencoder,840.0
S8,0,0.0032462704,autoencoder,850.0
S8,0,0.0029629988,autoencoder,860.0
S8,0,0.004167737,autoencoder,870.0
S8,0,0.004694448,autoencoder,880.0
S8,0,0.0052862545,autoencoder,890.0
S8,0,0.004381981,autoencoder,900.0
S8,0,0.0038459518,autoencoder,910.0
S8,0,0.0026633388,autoencoder,920.0
S8,0,0.0020868527,autoencoder,930.0
S8,0,0.0019933155,autoencoder,940.0
S8,0,0.002123967,autoencoder,950.0
S8,0,0.0026827082,autoencoder,960.0
S8,0,0.003168075,autoencoder,970.0
S8,0,0.002635509,autoencoder,980.0
S8,0,0.0029415302,autoencoder,990.0
S8,0,0.0029859256,autoencoder,1000.0
S8,0,0.0028646607,autoencoder,1010.0
S8,0,0.002232325,autoencoder,1020.0
S8,0,0.002332357,autoencoder,1030.0
S8,0,0.0026737342,autoencoder,1040.0
S8,0,0.0026125452,autoencoder,1050.0
S8,0,0.003253189,autoencoder,1060.0
S8,0,0.0026268922,autoencoder,1070.0
S8,0,0.021946916,autoencoder,1080.0
S8,0,0.009422963,autoencoder,1090.0
S8,0,0.0077933683,autoencoder,1100.0
S8,1,0.069836095,autoencoder,0.0
S8,1,0.06409941,autoencoder,10.0
S8,1,0.06244746,autoencoder,20.0
S8,1,0.07754154,autoencoder,30.0
S8,1,0.070432834,autoencoder,40.0
S8,1,0.055456042,autoencoder,50.0
S8,1,0.08770358,autoencoder,60.0
S8,1,0.11115869,autoencoder,70.0
S8,1,0.102513105,autoencoder,80.0
S8,1,0.1810382,autoencoder,90.0
S8,1,0.20469642,autoencoder,100.0
S8,1,0.19157976,autoencoder,110.0
S8,1,0.20117293,autoencoder,120.0
S8,1,0.19800802,autoencoder,130.0
S8,1,0.23206317,autoencoder,140.0
S8,1,0.13771401,autoencoder,150.0
S8,1,0.10326072,autoencoder,160.0
S8,1,0.1295004,autoencoder,170.0
S8,1,0.14219959,autoencoder,180.0
S8,1,0.095125,autoencoder,190.0
S8,1,0.051697567,autoencoder,200.0
S8,1,0.052101415,autoencoder,210.0
S8,1,0.07467356,autoencoder,220.0
S8,1,0.09006533,autoencoder,230.0
S8,1,0.12321735,autoencoder,240.0
S8,1,0.13479641,autoencoder,250.0
S8,1,0.18168624,autoencoder,260.0
S8,1,0.23299247,autoencoder,270.0
S8,1,0.18791483,autoencoder,280.0
S8,1,0.13319276,autoencoder,290.0
S8,1,0.06042808,autoencoder,300.0
S8,1,0.039481614,autoencoder,310.0
S8,1,0.014698572,autoencoder,320.0
S8,1,0.008798909,autoencoder,330.0
S8,1,0.010668599,autoencoder,340.0
S8,1,0.008227105,autoencoder,350.0
S8,1,0.008582141,autoencoder,360.0
S8,1,0.006599238,autoencoder,370.0
S8,1,0.007401511,autoencoder,380.0
S8,1,0.009376896,autoencoder,390.0
S8,1,0.0058540124,autoencoder,400.0
S8,1,0.009563238,autoencoder,410.0
S8,1,0.0050248727,autoencoder,420.0
S8,1,0.005636497,autoencoder,430.0
S8,1,0.008188596,autoencoder,440.0
S8,1,0.0038100705,autoencoder,450.0
S8,1,0.0066814334,autoencoder,460.0
S8,1,0.010125106,autoencoder,470.0
S8,1,0.00799754,autoencoder,480.0
S8,1,0.0072845374,autoencoder,490.0
S8,1,0.009024561,autoencoder,500.0
S8,1,0.008530952,autoencoder,510.0
S8,1,0.004374601,autoencoder,520.0
S8,1,0.0036896777,autoencoder,530.0
S8,1,0.0031063177,autoencoder,540.0
S8,1,0.0030852973,autoencoder,550.0
S8,1,0.0035832862,autoencoder,560.0
S8,1,0.0050689806,autoencoder,570.0
S8,1,0.0071628434,autoencoder,580.0
S8,1,0.0059768185,autoencoder,590.0
S8,1,0.004850158,autoencoder,600.0
S8,1,0.0061417413,autoencoder,610.0
S9,0,0.004230072,autoencoder,0.0
S9,0,0.0025639806,autoencoder,10.0
S9,0,0.0022060198,autoencoder,20.0
S9,0,0.002574742,autoencoder,30.0
S9,0,0.002296455,autoencoder,40.0
S9,0,0.0032678728,autoencoder,50.0
S9,0,0.004038207,autoencoder,60.0
S9,0,0.0041749706,autoencoder,70.0
S9,0,0.0035053417,autoencoder,80.0
S9,0,0.003306355,autoencoder,90.0
S9,0,0.0060463627,autoencoder,100.0
S9,0,0.00472862,autoencoder,110.0
S9,0,0.0030433172,autoencoder,120.0
S9,0,0.0025518108,autoencoder,130.0
S9,0,0.0011021697,autoencoder,140.0
S9,0,0.0013185848,autoencoder,150.0
S9,0,0.0034677803,autoencoder,160.0
S9,0,0.0044759773,autoencoder,170.0
S9,0,0.003211334,autoencoder,180.0
S9,0,0.003288504,autoencoder,190.0
S9,0,0.0045474726,autoencoder,200.0
S9,0,0.0024362786,autoencoder,210.0
S9,0,0.001324653,autoencoder,220.0
S9,0,0.0014069345,autoencoder,230.0
S9,0,0.0018850764,autoencoder,240.0
S9,0,0.0032408636,autoencoder,250.0
S9,0,0.003277354,autoencoder,260.0
S9,0,0.0025451416,autoencoder,270.0
S9,0,0.0024882357,autoencoder,280.0
S9,0,0.0019647304,autoencoder,290.0
S9,0,0.0021599566,autoencoder,300.0
S9,0,0.0015645358,autoencoder,310.0
S9,0,0.0010710983,autoencoder,320.0
S9,0,0.0011415231,autoencoder,330.0
S9,0,0.0014959974,autoencoder,340.0
S9,0,0.0018213112,autoencoder,350.0
S9,0,0.001525317,autoencoder,360.0
S9,0,0.0015683462,autoencoder,370.0
S9,0,0.0018477677,autoencoder,380.0
S9,0,0.001542078,autoencoder,390.0
S9,0,0.0016083997,autoencoder,400.0
S9,0,0.0023253344,autoencoder,410.0
S9,0,0.0041636825,autoencoder,420.0
S9,0,0.007713025,autoencoder,430.0
S9,0,0.012310475,autoencoder,440.0
S9,0,0.017908368,autoencoder,450.0
S9,0,0.015521736,autoencoder,460.0
S9,0,0.009088238,autoencoder,470.0
S9,0,0.005603367,autoencoder,480.0
S9,0,0.004019067,autoencoder,490.0
S9,0,0.003144838,autoencoder,500.0
S9,0,0.0028639005,autoencoder,510.0
S9,0,0.002335199,autoencoder,520.0
S9,0,0.0026719228,autoencoder,530.0
S9,0,0.0026433945,autoencoder,540.0
S9,0,0.0022528518,autoencoder,550.0
S9,0,0.0024054984,autoencoder,560.0
S9,0,0.002310001,autoencoder,570.0
S9,0,0.0019999056,autoencoder,580.0
S9,0,0.0023004378,autoencoder,590.0
S9,0,0.0019707952,autoencoder,600.0
S9,0,0.0018546656,autoencoder,610.0
S9,0,0.004510068,autoencoder,620.0
S9,0,0.006773126,autoencoder,630.0
S9,0,0.006961784,autoencoder,640.0
S9,0,0.0036666233,autoencoder,650.0
S9,0,0.0031200245,autoencoder,660.0
S9,0,0.0042864713,autoencoder,670.0
S9,0,0.0042876024,autoencoder,680.0
S9,0,0.0026120765,autoencoder,690.0
S9,0,0.0025719584,autoencoder,700.0
S9,0,0.0033477598,autoencoder,710.0
S9,0,0.0021595613,autoencoder,720.0
S9,0,0.0023163683,autoencoder,730.0
S9,0,0.0035676106,autoencoder,740.0
S9,0,0.0030628343,autoencoder,750.0
S9,0,0.0030977142,autoencoder,760.0
S9,0,0.0029050317,autoencoder,770.0
S9,0,0.0043466655,autoencoder,780.0
S9,0,0.0034157448,autoencoder,790.0
S9,0,0.0021068791,autoencoder,800.0
S9,0,0.0025230495,autoencoder,810.0
S9,0,0.0062231454,autoencoder,820.0
S9,0,0.004097248,autoencoder,830.0
S9,0,0.004021062,autoencoder,840.0
S9,0,0.0033194532,autoencoder,850.0
S9,0,0.0032003142,autoencoder,860.0
S9,0,0.0030711566,autoencoder,870.0
S9,0,0.00458302,autoencoder,880.0
S9,0,0.005837057,autoencoder,890.0
S9,0,0.0039526024,autoencoder,900.0
S9,0,0.0036151372,autoencoder,910.0
S9,0,0.003363841,autoencoder,920.0
S9,0,0.0042503434,autoencoder,930.0
S9,0,0.0034997193,autoencoder,940.0
S9,0,0.005438298,autoencoder,950.0
S9,0,0.003840632,autoencoder,960.0
S9,0,0.0044010202,autoencoder,970.0
S9,0,0.0035087075,autoencoder,980.0
S9,0,0.003611656,autoencoder,990.0
S9,0,0.0037909925,autoencoder,1000.0
S9,0,0.0028745914,autoencoder,1010.0
S9,0,0.0023616932,autoencoder,1020.0
S9,0,0.002124341,autoencoder,1030.0
S9,0,0.0022865694,autoencoder,1040.0
S9,0,0.003344604,autoencoder,1050.0
S9,0,0.004164753,autoencoder,1060.0
S9,0,0.0038444204,autoencoder,1070.0
S9,0,0.0021591492,autoencoder,1080.0
S9,0,0.0031109678,autoencoder,1090.0
S9,0,0.0036029185,autoencoder,1100.0
S9,0,0.005556036,autoencoder,1110.0
S9,0,0.0031663487,autoencoder,1120.0
S9,1,0.004445539,autoencoder,0.0
S9,1,0.004665758,autoencoder,10.0
S9,1,0.0043411492,autoencoder,20.0
S9,1,0.004986542,autoencoder,30.0
S9,1,0.0039271004,autoencoder,40.0
S9,1,0.0040905834,autoencoder,50.0
S9,1,0.005275238,autoencoder,60.0
S9,1,0.0069307904,autoencoder,70.0
S9,1,0.0057891496,autoencoder,80.0
S9,1,0.0064259917,autoencoder,90.0
S9,1,0.0055708275,autoencoder,100.0
S9,1,0.004685748,autoencoder,110.0
S9,1,0.0052418276,autoencoder,120.0
S9,1,0.004872047,autoencoder,130.0
S9,1,0.0074005867,autoencoder,140.0
S9,1,0.007542679,autoencoder,150.0
S9,1,0.0075730886,autoencoder,160.0
S9,1,0.004732601,autoencoder,170.0
S9,1,0.005182819,autoencoder,180.0
S9,1,0.006069264,autoencoder,190.0
S9,1,0.005733745,autoencoder,200.0
S9,1,0.012822661,autoencoder,210.0
S9,1,0.011827015,autoencoder,220.0
S9,1,0.010420673,autoencoder,230.0
S9,1,0.013674807,autoencoder,240.0
S9,1,0.012861137,autoencoder,250.0
S9,1,0.010328996,autoencoder,260.0
S9,1,0.005823814,autoencoder,270.0
S9,1,0.0036441758,autoencoder,280.0
S9,1,0.0045316606,autoencoder,290.0
S9,1,0.0042313556,autoencoder,300.0
S9,1,0.0076741283,autoencoder,310.0
S9,1,0.0058928877,autoencoder,320.0
S9,1,0.005944524,autoencoder,330.0
S9,1,0.007199688,autoencoder,340.0
S9,1,0.0071896003,autoencoder,350.0
S9,1,0.01016019,autoencoder,360.0
S9,1,0.009010392,autoencoder,370.0
S9,1,0.006479871,autoencoder,380.0
S9,1,0.005621154,autoencoder,390.0
S9,1,0.0057378844,autoencoder,400.0
S9,1,0.0036132715,autoencoder,410.0
S9,1,0.0030270333,autoencoder,420.0
S9,1,0.002968407,autoencoder,430.0
S9,1,0.0033890724,autoencoder,440.0
S9,1,0.0033977025,autoencoder,450.0
S9,1,0.0024409431,autoencoder,460.0
S9,1,0.0031245884,autoencoder,470.0
S9,1,0.0042789727,autoencoder,480.0
S9,1,0.0039657103,autoencoder,490.0
S9,1,0.0038819287,autoencoder,500.0
S9,1,0.005182471,autoencoder,510.0
S9,1,0.00472105,autoencoder,520.0
S9,1,0.00472921,autoencoder,530.0
S9,1,0.011931605,autoencoder,540.0
S9,1,0.0067843776,autoencoder,550.0
S9,1,0.0077918977,autoencoder,560.0
S9,1,0.006141186,autoencoder,570.0
S9,1,0.005911581,autoencoder,580.0
